,Social Explorer - ACS 2016 (5-Year Estimates),,,,,,,,,,,,,,,,,,,,,,,,,,,,,,,,,,,,,,,,,,,,,,,,,,,,,,,,,,,,,,,,,,,,,,,,,,,,,,,,,,,,,,,,,,,,,,,,,,,,,,,,,,,,,,,,,,,,,,,,,,,,,,,,,,,,,,,,,,,,,,,,,,,,,,,,,,,,,,,,,,,,,,,,,,,,,,,,,,,,,,,,,,,,,,,,,,,,,,,,,,,,,,,,,,,,,,,,,,,,,,,,,,,,,,,,,,,,,,,,,,,,,,,,,,,,,,,,,,,,,,,,,,,,,,,,,,,,,,,,,,,,,,,,,,,,,,,,,,,,,,,,,,,,,,,,,,,,,,,,,,,,,,,,,,,,,,,,,,,,,,,,,
Statistics,"Alameda city, California",,"Albany city, California",,"Alum Rock CDP, California",,"American Canyon city, California",,"Amesti CDP, California",,"Antioch city, California",,"Aptos CDP, California",,"Aptos Hills-Larkin Valley CDP, California",,"Ashland CDP, California",,"Atherton town, California",,"Bay Point CDP, California",,"Bayview CDP (Contra Costa County), California",,"Belmont city, California",,"Belvedere city, California",,"Benicia city, California",,"Ben Lomond CDP, California",,"Berkeley city, California",,"Blackhawk CDP, California",,"Black Point-Green Point CDP, California",,"Bonny Doon CDP, California",,"Boulder Creek CDP, California",,"Brentwood city, California",,"Brisbane city, California",,"Brookdale CDP, California",,"Burbank CDP, California",,"Burlingame city, California",,"Cambrian Park CDP, California",,"Camino Tassajara CDP, California",,"Campbell city, California",,"Capitola city, California",,"Castro Valley CDP, California",,"Cherryland CDP, California",,"Clayton city, California",,"Colma town, California",,"Concord city, California",,"Corralitos CDP, California",,"Corte Madera town, California",,"Cotati city, California",,"Crockett CDP, California",,"Cupertino city, California",,"Daly City city, California",,"Davenport CDP, California",,"Day Valley CDP, California",,"Diablo CDP, California",,"Dublin city, California",,"East Foothills CDP, California",,"East Palo Alto city, California",,"East Richmond Heights CDP, California",,"El Cerrito city, California",,"El Cerrito CDP, California",,"El Granada CDP, California",,"El Sobrante CDP (Contra Costa County), California",,"Emerald Lake Hills CDP, California",,"Emeryville city, California",,"Fairfax town, California",,"Felton CDP, California",,"Foster City city, California",,"Fremont city, California",,"Fruitdale CDP, California",,"Fulton CDP, California",,"Gilroy city, California",,"Half Moon Bay city, California",,"Hayward city, California",,"Hercules city, California",,"Highlands-Baywood Park CDP, California",,"Hillsborough town, California",,"Interlaken CDP, California",,"Kensington CDP, California",,"Kentfield CDP, California",,"Knightsen CDP, California",,"Ladera CDP, California",,"Lafayette city, California",,"La Honda CDP, California",,"Larkfield-Wikiup CDP, California",,"Larkspur city, California",,"La Selva Beach CDP, California",,"Lexington Hills CDP, California",,"Live Oak CDP, California",,"Livermore city, California",,"Loma Mar CDP, California",,"Lompico CDP, California",,"Los Altos city, California",,"Los Altos Hills town, California",,"Los Gatos town, California",,"Loyola CDP, California",,"Lucas Valley-Marinwood CDP, California",,"Marin City CDP, California",,"Martinez city, California",,"Menlo Park city, California",,"Millbrae city, California",,"Mill Valley city, California",,"Milpitas city, California",,"Montalvin Manor CDP, California",,"Montara CDP, California",,"Montclair city, California",,"Moraga town, California",,"Morgan Hill city, California",,"Moss Beach CDP, California",,"Mountain View CDP, California",,"Mountain View city, California",,"Mount Hermon CDP, California",,"Newark city, California",,"Norris Canyon CDP, California",,"North Fair Oaks CDP, California",,"North Richmond CDP, California",,"Novato city, California",,"Oakland city, California",,"Oakley city, California",,"Orinda city, California",,"Pacifica city, California",,"Pajaro CDP, California",,"Palo Alto city, California",,"Pasatiempo CDP, California",,"Penngrove CDP, California",,"Pescadero CDP, California",,"Petaluma city, California",,"Piedmont city, California",,"Pinole city, California",,"Pittsburg city, California",,"Pleasant Hill city, California",,"Pleasanton city, California",,"Pleasure Point CDP, California",,"Port Costa CDP, California",,"Portola Valley town, California",,"Redwood City city, California",,"Richmond city, California",,"Rio del Mar CDP, California",,"Rodeo CDP, California",,"Rohnert Park city, California",,"Rollingwood CDP, California",,"Roseland CDP, California",,"Ross town, California",,"San Anselmo town, California",,"San Bruno city, California",,"San Carlos city, California",,"San Francisco city, California",,"San Jose city, California",,"San Leandro city, California",,"San Lorenzo CDP, California",,"San Martin CDP, California",,"San Mateo city, California",,"San Pablo city, California",,"San Rafael city, California",,"San Ramon city, California",,"Santa Clara city, California",,"Santa Cruz city, California",,"Santa Rosa city, California",,"Santa Venetia CDP, California",,"Saratoga city, California",,"Sausalito city, California",,"Scotts Valley city, California",,"Sebastopol city, California",,"Shell Ridge CDP, California",,"Sleepy Hollow CDP, California",,"Soquel CDP, California",,"South San Francisco city, California",,"Strawberry CDP (Marin County), California",,"Sunnyvale city, California",,"Sunol CDP, California",,"Tamalpais-Homestead Valley CDP, California",,"Tara Hills CDP, California",,"Tiburon town, California",,"Twin Lakes CDP, California",,"Union City city, California",,"Vallejo city, California",,"Vine Hill CDP, California",,"Walnut Creek city, California",,"Watsonville city, California",,"West Menlo Park CDP, California",,"Windsor town, California",,"Woodside town, California",,"Zayante CDP, California",,TOTAL (All Selected Places),
,,,,,,,,,,,,,,,,,,,,,,,,,,,,,,,,,,,,,,,,,,,,,,,,,,,,,,,,,,,,,,,,,,,,,,,,,,,,,,,,,,,,,,,,,,,,,,,,,,,,,,,,,,,,,,,,,,,,,,,,,,,,,,,,,,,,,,,,,,,,,,,,,,,,,,,,,,,,,,,,,,,,,,,,,,,,,,,,,,,,,,,,,,,,,,,,,,,,,,,,,,,,,,,,,,,,,,,,,,,,,,,,,,,,,,,,,,,,,,,,,,,,,,,,,,,,,,,,,,,,,,,,,,,,,,,,,,,,,,,,,,,,,,,,,,,,,,,,,,,,,,,,,,,,,,,,,,,,,,,,,,,,,,,,,,,,,,,,,,,,,,,,,,
SE:T1. Total Population,,,,,,,,,,,,,,,,,,,,,,,,,,,,,,,,,,,,,,,,,,,,,,,,,,,,,,,,,,,,,,,,,,,,,,,,,,,,,,,,,,,,,,,,,,,,,,,,,,,,,,,,,,,,,,,,,,,,,,,,,,,,,,,,,,,,,,,,,,,,,,,,,,,,,,,,,,,,,,,,,,,,,,,,,,,,,,,,,,,,,,,,,,,,,,,,,,,,,,,,,,,,,,,,,,,,,,,,,,,,,,,,,,,,,,,,,,,,,,,,,,,,,,,,,,,,,,,,,,,,,,,,,,,,,,,,,,,,,,,,,,,,,,,,,,,,,,,,,,,,,,,,,,,,,,,,,,,,,,,,,,,,,,,,,,,,,,,,,,,,,,,,,,
Total Population,"77,409",,"19,420",,"11,877",,"20,334",,"3,205",,"108,675",,"5,842",,"2,288",,"24,288",,"7,127",,"23,131",,"1,753",,"26,918",,"2,017",,"27,780",,"6,573",,"118,585",,"9,468",,"1,592",,"3,117",,"4,442",,"56,923",,"4,568",,"2,446",,"4,984",,"30,118",,"3,259",,"3,456",,"40,788",,"10,109",,"62,825",,"15,066",,"11,655",,"1,540",,"126,938",,"2,557",,"9,694",,"7,415",,"3,103",,"60,297",,"105,543",,310,,"3,739",,807,,"54,523",,"6,347",,"29,353",,"3,364",,"24,646",,"5,699",,"6,132",,"12,963",,"4,716",,"11,111",,"7,598",,"3,582",,"32,967",,"227,934",,868,,632,,"52,576",,"12,281",,"154,507",,"25,011",,"4,261",,"11,312",,"6,738",,"5,602",,"6,907",,"1,606",,"1,514",,"25,381",,518,,"9,257",,"12,268",,"2,633",,"2,617",,"17,749",,"86,493",,150,,902,,"30,238",,"8,376",,"30,491",,"3,425",,"6,594",,"3,115",,"37,544",,"33,319",,"22,522",,"14,318",,"73,447",,"3,174",,"2,895",,"38,294",,"16,977",,"41,839",,"3,706",,"2,585",,"78,827",,993,,"44,677",,"1,046",,"15,144",,"4,039",,"54,790",,"412,040",,"38,968",,"18,936",,"38,844",,"3,524",,"66,649",,"1,288",,"2,940",,"1,040",,"59,757",,"11,201",,"19,040",,"67,998",,"34,395",,"77,046",,"6,155",,228,,"4,550",,"82,595",,"108,303",,"9,731",,"9,798",,"41,928",,"3,231",,"5,859",,"2,381",,"12,623",,"42,736",,"29,596",,"850,282",,"1,009,363",,"89,039",,"24,790",,"7,245",,"102,224",,"29,991",,"58,948",,"74,366",,"122,725",,"63,310",,"173,165",,"5,368",,"30,830",,"7,115",,"11,824",,"7,630",,"1,123",,"2,275",,"10,912",,"66,587",,"5,689",,"149,596",,"1,004",,"10,605",,"4,950",,"9,170",,"5,378",,"73,500",,"119,644",,"4,264",,"67,568",,"52,915",,"3,830",,"27,318",,"5,496",,941,,"7,023,434",
,,,,,,,,,,,,,,,,,,,,,,,,,,,,,,,,,,,,,,,,,,,,,,,,,,,,,,,,,,,,,,,,,,,,,,,,,,,,,,,,,,,,,,,,,,,,,,,,,,,,,,,,,,,,,,,,,,,,,,,,,,,,,,,,,,,,,,,,,,,,,,,,,,,,,,,,,,,,,,,,,,,,,,,,,,,,,,,,,,,,,,,,,,,,,,,,,,,,,,,,,,,,,,,,,,,,,,,,,,,,,,,,,,,,,,,,,,,,,,,,,,,,,,,,,,,,,,,,,,,,,,,,,,,,,,,,,,,,,,,,,,,,,,,,,,,,,,,,,,,,,,,,,,,,,,,,,,,,,,,,,,,,,,,,,,,,,,,,,,,,,,,,,,
SE:T2. Population Density (per Sq. Mile),,,,,,,,,,,,,,,,,,,,,,,,,,,,,,,,,,,,,,,,,,,,,,,,,,,,,,,,,,,,,,,,,,,,,,,,,,,,,,,,,,,,,,,,,,,,,,,,,,,,,,,,,,,,,,,,,,,,,,,,,,,,,,,,,,,,,,,,,,,,,,,,,,,,,,,,,,,,,,,,,,,,,,,,,,,,,,,,,,,,,,,,,,,,,,,,,,,,,,,,,,,,,,,,,,,,,,,,,,,,,,,,,,,,,,,,,,,,,,,,,,,,,,,,,,,,,,,,,,,,,,,,,,,,,,,,,,,,,,,,,,,,,,,,,,,,,,,,,,,,,,,,,,,,,,,,,,,,,,,,,,,,,,,,,,,,,,,,,,,,,,,,,,
Total Population,"77,409",,"19,420",,"11,877",,"20,334",,"3,205",,"108,675",,"5,842",,"2,288",,"24,288",,"7,127",,"23,131",,"1,753",,"26,918",,"2,017",,"27,780",,"6,573",,"118,585",,"9,468",,"1,592",,"3,117",,"4,442",,"56,923",,"4,568",,"2,446",,"4,984",,"30,118",,"3,259",,"3,456",,"40,788",,"10,109",,"62,825",,"15,066",,"11,655",,"1,540",,"126,938",,"2,557",,"9,694",,"7,415",,"3,103",,"60,297",,"105,543",,310,,"3,739",,807,,"54,523",,"6,347",,"29,353",,"3,364",,"24,646",,"5,699",,"6,132",,"12,963",,"4,716",,"11,111",,"7,598",,"3,582",,"32,967",,"227,934",,868,,632,,"52,576",,"12,281",,"154,507",,"25,011",,"4,261",,"11,312",,"6,738",,"5,602",,"6,907",,"1,606",,"1,514",,"25,381",,518,,"9,257",,"12,268",,"2,633",,"2,617",,"17,749",,"86,493",,150,,902,,"30,238",,"8,376",,"30,491",,"3,425",,"6,594",,"3,115",,"37,544",,"33,319",,"22,522",,"14,318",,"73,447",,"3,174",,"2,895",,"38,294",,"16,977",,"41,839",,"3,706",,"2,585",,"78,827",,993,,"44,677",,"1,046",,"15,144",,"4,039",,"54,790",,"412,040",,"38,968",,"18,936",,"38,844",,"3,524",,"66,649",,"1,288",,"2,940",,"1,040",,"59,757",,"11,201",,"19,040",,"67,998",,"34,395",,"77,046",,"6,155",,228,,"4,550",,"82,595",,"108,303",,"9,731",,"9,798",,"41,928",,"3,231",,"5,859",,"2,381",,"12,623",,"42,736",,"29,596",,"850,282",,"1,009,363",,"89,039",,"24,790",,"7,245",,"102,224",,"29,991",,"58,948",,"74,366",,"122,725",,"63,310",,"173,165",,"5,368",,"30,830",,"7,115",,"11,824",,"7,630",,"1,123",,"2,275",,"10,912",,"66,587",,"5,689",,"149,596",,"1,004",,"10,605",,"4,950",,"9,170",,"5,378",,"73,500",,"119,644",,"4,264",,"67,568",,"52,915",,"3,830",,"27,318",,"5,496",,941,,"7,023,434",
Population Density (Per Sq. Mile),"7,295.3",,"10,859.9",,"9,861.1",,"4,204.1",,"1,071.4",,"3,833.5",,919.4,,247.5,,"13,212.1",,"1,420.6",,"3,529.3",,"5,755.6",,"5,824.5",,"3,883.0",,"2,148.7",,786.3,,"11,325.9",,"1,632.1",,592.6,,186.8,,591.3,,"3,849.8",,"1,475.7",,635.8,,"12,362.3",,"6,835.9",,"5,465.2",,"2,741.2",,"7,034.7",,"6,345.4",,"3,776.8",,"12,584.3",,"3,038.3",,806.6,,"4,155.6",,284.5,,"3,064.3",,"3,944.3",,"2,927.1",,"5,356.8",,"13,771.8",,109.4,,198.8,,594.5,,"3,657.3",,"2,780.2",,"11,717.0",,"5,798.4",,"6,683.3",,"2,232.3",,"1,271.6",,"4,687.7",,"3,943.4",,"8,919.3",,"3,448.1",,786.9,,"8,776.5",,"2,942.6",,"3,226.3",,324.3,,"3,256.2",,"1,911.6",,"3,409.0",,"4,030.5",,"2,357.4",,"1,827.6",,687.2,,"5,914.3",,"2,283.1",,192.0,,"3,420.7",,"1,667.5",,122.0,,"1,744.0",,"4,053.0",,497.1,,558.5,,"5,473.7",,"3,436.0",,86.5,,267.4,,"4,661.6",,951.6,,"2,751.9",,"2,332.5",,"1,151.5",,"5,803.5",,"3,094.8",,"3,403.5",,"6,937.1",,"3,006.1",,"5,404.2",,"9,299.5",,746.5,,"6,940.9",,"1,799.7",,"3,248.0",,"1,644.5",,"8,917.0",,"6,571.5",,"1,116.9",,"3,220.0",,295.8,,"12,617.2",,"2,867.7",,"1,996.8",,"7,386.1",,"2,458.1",,"1,493.1",,"3,068.7",,"3,802.0",,"2,790.6",,"1,457.6",,730.6,,258.3,,"4,155.0",,"6,676.8",,"3,576.8",,"3,949.2",,"4,863.9",,"3,195.2",,,,"1,440.1",,500.5,,"4,253.2",,"3,602.0",,"3,242.8",,"2,614.6",,"5,987.5",,"19,440.7",,"6,230.9",,"1,530.0",,"4,715.1",,"7,801.1",,"5,344.1",,"18,140.2",,"5,717.9",,"6,673.3",,"8,970.8",,624.8,,"8,427.6",,"11,386.9",,"3,579.1",,"4,117.5",,"6,667.2",,"4,969.3",,"4,193.5",,"1,466.3",,"2,489.9",,"4,017.8",,"2,573.5",,"4,117.9",,"2,612.0",,761.6,,"2,373.2",,"7,284.7",,"4,319.7",,"6,803.7",,36.2,,"2,286.9",,"7,752.5",,"2,062.5",,"7,789.9",,"3,775.2",,"3,900.8",,"2,835.7",,"3,420.0",,"7,913.2",,"7,878.7",,"3,758.6",,468.5,,345.3,,"* 4,292.4",
Area (Land),10.61,,1.79,,1.20,,4.84,,2.99,,28.35,,6.35,,9.24,,1.84,,5.02,,6.55,,0.30,,4.62,,0.52,,12.93,,8.36,,10.47,,5.80,,2.69,,16.69,,7.51,,14.79,,3.10,,3.85,,0.40,,4.41,,0.60,,1.26,,5.80,,1.59,,16.63,,1.20,,3.84,,1.91,,30.55,,8.99,,3.16,,1.88,,1.06,,11.26,,7.66,,2.83,,18.81,,1.36,,14.91,,2.28,,2.51,,0.58,,3.69,,2.55,,4.82,,2.77,,1.20,,1.25,,2.20,,4.55,,3.76,,77.46,,0.27,,1.95,,16.15,,6.42,,45.32,,6.21,,1.81,,6.19,,9.81,,0.95,,3.03,,8.37,,0.44,,15.22,,4.25,,5.31,,3.03,,5.30,,4.69,,3.24,,25.17,,1.73,,3.37,,6.49,,8.80,,11.08,,1.47,,5.73,,0.54,,12.13,,9.79,,3.25,,4.76,,13.59,,0.34,,3.88,,5.52,,9.43,,12.88,,2.25,,0.29,,12.00,,0.89,,13.87,,3.54,,1.20,,1.41,,27.44,,55.79,,15.85,,12.68,,12.66,,0.93,,23.88,,0.88,,4.02,,4.03,,14.38,,1.68,,5.32,,17.22,,7.07,,24.11,,,,0.16,,9.09,,19.42,,30.07,,3.00,,3.75,,7.00,,0.17,,0.94,,1.56,,2.68,,5.48,,5.54,,46.87,,176.53,,13.34,,2.76,,11.60,,12.13,,2.63,,16.47,,18.06,,18.41,,12.74,,41.29,,3.66,,12.38,,1.77,,4.59,,1.85,,0.43,,2.99,,4.60,,9.14,,1.32,,21.99,,27.75,,4.64,,0.64,,4.45,,0.69,,19.47,,30.67,,1.50,,19.76,,6.69,,0.49,,7.27,,11.73,,2.73,,"* 1,636.26",
,,,,,,,,,,,,,,,,,,,,,,,,,,,,,,,,,,,,,,,,,,,,,,,,,,,,,,,,,,,,,,,,,,,,,,,,,,,,,,,,,,,,,,,,,,,,,,,,,,,,,,,,,,,,,,,,,,,,,,,,,,,,,,,,,,,,,,,,,,,,,,,,,,,,,,,,,,,,,,,,,,,,,,,,,,,,,,,,,,,,,,,,,,,,,,,,,,,,,,,,,,,,,,,,,,,,,,,,,,,,,,,,,,,,,,,,,,,,,,,,,,,,,,,,,,,,,,,,,,,,,,,,,,,,,,,,,,,,,,,,,,,,,,,,,,,,,,,,,,,,,,,,,,,,,,,,,,,,,,,,,,,,,,,,,,,,,,,,,,,,,,,,,,
SE:T57. Median Household Income (In 2016 Inflation Adjusted Dollars),,,,,,,,,,,,,,,,,,,,,,,,,,,,,,,,,,,,,,,,,,,,,,,,,,,,,,,,,,,,,,,,,,,,,,,,,,,,,,,,,,,,,,,,,,,,,,,,,,,,,,,,,,,,,,,,,,,,,,,,,,,,,,,,,,,,,,,,,,,,,,,,,,,,,,,,,,,,,,,,,,,,,,,,,,,,,,,,,,,,,,,,,,,,,,,,,,,,,,,,,,,,,,,,,,,,,,,,,,,,,,,,,,,,,,,,,,,,,,,,,,,,,,,,,,,,,,,,,,,,,,,,,,,,,,,,,,,,,,,,,,,,,,,,,,,,,,,,,,,,,,,,,,,,,,,,,,,,,,,,,,,,,,,,,,,,,,,,,,,,,,,,,,
Median Household Income (In 2016 Inflation Adjusted Dollars),"$83,048",,"$85,458",,"$72,079",,"$83,673",,"$54,485",,"$65,530",,"$81,435",,"$102,885",,"$47,437",,"$250,001",,"$47,336",,"$79,338",,"$120,169",,"$178,750",,"$87,011",,"$68,679",,"$70,393",,"$180,515",,"$136,111",,"$91,394",,"$81,731",,"$94,130",,"$91,127",,"$66,436",,"$67,177",,"$102,443",,"$106,037",,"$175,382",,"$103,704",,"$73,935",,"$87,204",,"$54,719",,"$136,946",,"$92,589",,"$71,477",,"$115,244",,"$125,915",,"$64,754",,"$78,750",,"$147,929",,"$79,346",,"$55,000",,"$80,227",,"$169,211",,"$128,403",,"$144,479",,"$55,170",,"$70,299",,"$92,670",,"$67,857",,"$125,896",,"$67,175",,"$171,522",,"$74,295",,"$99,438",,"$95,260",,"$129,733",,"$111,613",,"$77,969",,,,"$84,351",,"$106,211",,"$68,138",,"$103,044",,"$162,552",,"$216,292",,"$63,409",,"$140,690",,"$176,736",,"$95,000",,"$250,001",,"$142,977",,,,"$70,040",,"$91,848",,"$97,833",,"$146,726",,"$67,257",,"$104,223",,,,"$71,417",,"$187,656",,"$243,701",,"$127,278",,"$204,726",,"$119,148",,"$40,517",,"$93,874",,"$126,045",,"$98,533",,"$149,336",,"$103,623",,"$65,074",,"$101,410",,"$50,374",,"$136,336",,"$100,900",,"$93,635",,"$63,630",,"$109,249",,"$75,804",,"$91,965",,"$223,542",,"$66,884",,"$40,511",,"$83,895",,"$57,778",,"$82,584",,"$178,704",,"$103,545",,"$39,205",,"$137,043",,"$104,842",,"$74,294",,"$58,468",,"$80,907",,"$202,083",,"$74,124",,"$63,950",,"$93,476",,"$130,170",,"$57,981",,"$136,375",,"$232,981",,"$90,461",,"$57,107",,"$97,874",,"$70,227",,"$60,333",,"$49,035",,"$54,296",,"$199,107",,"$107,818",,"$89,000",,"$135,220",,"$87,701",,"$90,303",,"$64,065",,"$83,288",,"$108,611",,"$95,667",,"$45,503",,"$81,360",,"$134,188",,"$102,533",,"$62,471",,"$62,705",,"$86,486",,"$169,579",,"$116,325",,"$104,150",,"$58,036",,"$153,333",,"$208,452",,"$77,652",,"$85,076",,"$94,650",,"$109,799",,"$90,682",,"$142,688",,"$63,125",,"$149,510",,"$51,446",,"$91,629",,"$59,600",,"$71,786",,"$82,848",,"$49,487",,"$180,192",,"$86,192",,"$223,934",,"$94,432",,"$85,206",
,,,,,,,,,,,,,,,,,,,,,,,,,,,,,,,,,,,,,,,,,,,,,,,,,,,,,,,,,,,,,,,,,,,,,,,,,,,,,,,,,,,,,,,,,,,,,,,,,,,,,,,,,,,,,,,,,,,,,,,,,,,,,,,,,,,,,,,,,,,,,,,,,,,,,,,,,,,,,,,,,,,,,,,,,,,,,,,,,,,,,,,,,,,,,,,,,,,,,,,,,,,,,,,,,,,,,,,,,,,,,,,,,,,,,,,,,,,,,,,,,,,,,,,,,,,,,,,,,,,,,,,,,,,,,,,,,,,,,,,,,,,,,,,,,,,,,,,,,,,,,,,,,,,,,,,,,,,,,,,,,,,,,,,,,,,,,,,,,,,,,,,,,,
SE:T61. Median Family Income (In 2016 Inflation Adjusted Dollars),,,,,,,,,,,,,,,,,,,,,,,,,,,,,,,,,,,,,,,,,,,,,,,,,,,,,,,,,,,,,,,,,,,,,,,,,,,,,,,,,,,,,,,,,,,,,,,,,,,,,,,,,,,,,,,,,,,,,,,,,,,,,,,,,,,,,,,,,,,,,,,,,,,,,,,,,,,,,,,,,,,,,,,,,,,,,,,,,,,,,,,,,,,,,,,,,,,,,,,,,,,,,,,,,,,,,,,,,,,,,,,,,,,,,,,,,,,,,,,,,,,,,,,,,,,,,,,,,,,,,,,,,,,,,,,,,,,,,,,,,,,,,,,,,,,,,,,,,,,,,,,,,,,,,,,,,,,,,,,,,,,,,,,,,,,,,,,,,,,,,,,,,,
Median Family Income (In 2016 Inflation Adjusted Dollars),"$104,145",,"$97,055",,"$73,639",,"$92,833",,"$57,500",,"$72,019",,"$109,000",,"$108,106",,"$52,229",,"$250,001",,"$47,257",,"$79,485",,"$162,821",,"$250,001",,"$113,218",,"$85,756",,"$122,798",,"$197,906",,"$147,933",,"$101,845",,"$104,934",,"$107,200",,"$109,653",,"$128,628",,"$69,076",,"$147,466",,"$125,472",,"$164,844",,"$122,381",,"$82,626",,"$101,100",,"$57,276",,"$148,832",,"$100,521",,"$82,407",,"$116,524",,"$150,781",,"$83,903",,"$91,267",,"$172,011",,"$87,322",,"$77,917",,"$96,343",,"$227,755",,"$141,035",,"$155,682",,"$55,953",,"$75,911",,"$107,006",,"$74,276",,"$151,204",,"$74,767",,"$207,895",,"$92,031",,"$125,268",,"$110,833",,"$143,326",,"$122,328",,"$143,636",,,,"$88,413",,"$109,167",,"$73,165",,"$114,521",,"$191,442",,"$233,424",,"$68,125",,"$154,833",,"$245,694",,"$97,222",,"$250,001",,"$184,101",,,,"$82,583",,"$128,750",,"$102,031",,"$164,773",,"$85,306",,"$117,257",,,,"$91,563",,"$222,769",,"$250,001",,"$165,625",,"$231,932",,"$133,696",,"$38,667",,"$106,903",,"$164,014",,"$116,089",,"$183,529",,"$111,460",,"$67,625",,"$125,556",,"$55,141",,"$169,375",,"$115,910",,"$124,102",,"$65,491",,"$127,900",,"$75,893",,"$94,903",,"$250,001",,"$57,398",,"$41,696",,"$106,833",,"$64,555",,"$90,426",,"$223,333",,"$120,480",,"$33,241",,"$176,797",,"$155,662",,"$74,659",,"$58,871",,"$92,393",,"$226,742",,"$82,485",,"$68,600",,"$113,302",,"$150,470",,"$78,713",,,,"$250,001",,"$111,066",,"$62,445",,"$126,086",,"$82,417",,"$74,543",,"$49,298",,"$55,822",,"$231,250",,"$132,614",,"$100,601",,"$168,696",,"$103,363",,"$99,608",,"$76,704",,"$88,931",,"$119,085",,"$110,228",,"$48,409",,"$107,798",,"$153,296",,"$118,840",,"$91,637",,"$72,825",,"$101,133",,"$195,869",,"$188,938",,"$122,125",,"$59,167",,"$154,444",,"$250,001",,"$96,250",,"$92,150",,"$114,844",,"$127,865",,"$109,375",,"$182,779",,"$83,875",,"$194,545",,"$68,409",,"$98,499",,"$65,494",,"$75,882",,"$116,705",,"$49,980",,"$227,045",,"$96,523",,"$250,001",,"$100,119",,"$101,575",
,,,,,,,,,,,,,,,,,,,,,,,,,,,,,,,,,,,,,,,,,,,,,,,,,,,,,,,,,,,,,,,,,,,,,,,,,,,,,,,,,,,,,,,,,,,,,,,,,,,,,,,,,,,,,,,,,,,,,,,,,,,,,,,,,,,,,,,,,,,,,,,,,,,,,,,,,,,,,,,,,,,,,,,,,,,,,,,,,,,,,,,,,,,,,,,,,,,,,,,,,,,,,,,,,,,,,,,,,,,,,,,,,,,,,,,,,,,,,,,,,,,,,,,,,,,,,,,,,,,,,,,,,,,,,,,,,,,,,,,,,,,,,,,,,,,,,,,,,,,,,,,,,,,,,,,,,,,,,,,,,,,,,,,,,,,,,,,,,,,,,,,,,,
SE:T157. Gini Index of Income Inequality,,,,,,,,,,,,,,,,,,,,,,,,,,,,,,,,,,,,,,,,,,,,,,,,,,,,,,,,,,,,,,,,,,,,,,,,,,,,,,,,,,,,,,,,,,,,,,,,,,,,,,,,,,,,,,,,,,,,,,,,,,,,,,,,,,,,,,,,,,,,,,,,,,,,,,,,,,,,,,,,,,,,,,,,,,,,,,,,,,,,,,,,,,,,,,,,,,,,,,,,,,,,,,,,,,,,,,,,,,,,,,,,,,,,,,,,,,,,,,,,,,,,,,,,,,,,,,,,,,,,,,,,,,,,,,,,,,,,,,,,,,,,,,,,,,,,,,,,,,,,,,,,,,,,,,,,,,,,,,,,,,,,,,,,,,,,,,,,,,,,,,,,,,
Gini Index,0.46,,0.46,,0.35,,0.43,,0.44,,0.42,,0.44,,0.41,,0.42,,0.53,,0.43,,0.37,,0.46,,0.55,,0.43,,0.44,,0.54,,0.41,,0.38,,0.47,,0.44,,0.40,,0.44,,0.48,,0.45,,0.50,,0.43,,0.35,,0.43,,0.46,,0.42,,0.42,,0.37,,0.43,,0.42,,0.35,,0.45,,0.44,,0.39,,0.41,,0.40,,0.49,,0.47,,0.47,,0.39,,0.37,,0.44,,0.42,,0.44,,0.37,,0.47,,0.44,,0.45,,0.45,,0.46,,0.40,,0.40,,0.40,,0.47,,0.45,,0.43,,0.50,,0.43,,0.36,,0.42,,0.50,,0.45,,0.45,,0.54,,0.37,,0.44,,0.49,,0.45,,0.46,,0.54,,0.43,,0.36,,0.44,,0.40,,0.40,,0.55,,0.49,,0.52,,0.48,,0.45,,0.45,,0.50,,0.39,,0.53,,0.43,,0.52,,0.40,,0.40,,0.37,,0.39,,0.46,,0.46,,0.46,,0.44,,0.47,,0.37,,0.39,,0.42,,0.49,,0.49,,0.49,,0.52,,0.38,,0.48,,0.42,,0.34,,0.50,,0.44,,0.51,,0.38,,0.43,,0.46,,0.38,,0.43,,0.42,,0.41,,0.46,,0.13,,0.54,,0.47,,0.45,,0.42,,0.44,,0.41,,0.40,,0.39,,0.52,,0.46,,0.40,,0.46,,0.52,,0.45,,0.43,,0.37,,0.41,,0.45,,0.40,,0.52,,0.38,,0.42,,0.50,,0.44,,0.41,,0.46,,0.51,,0.43,,0.46,,0.47,,0.46,,0.46,,0.41,,0.55,,0.43,,0.50,,0.47,,0.40,,0.54,,0.53,,0.40,,0.43,,0.36,,0.47,,0.41,,0.43,,0.38,,0.56,,0.34,,,
,,,,,,,,,,,,,,,,,,,,,,,,,,,,,,,,,,,,,,,,,,,,,,,,,,,,,,,,,,,,,,,,,,,,,,,,,,,,,,,,,,,,,,,,,,,,,,,,,,,,,,,,,,,,,,,,,,,,,,,,,,,,,,,,,,,,,,,,,,,,,,,,,,,,,,,,,,,,,,,,,,,,,,,,,,,,,,,,,,,,,,,,,,,,,,,,,,,,,,,,,,,,,,,,,,,,,,,,,,,,,,,,,,,,,,,,,,,,,,,,,,,,,,,,,,,,,,,,,,,,,,,,,,,,,,,,,,,,,,,,,,,,,,,,,,,,,,,,,,,,,,,,,,,,,,,,,,,,,,,,,,,,,,,,,,,,,,,,,,,,,,,,,,
SE:T93. Housing Units,,,,,,,,,,,,,,,,,,,,,,,,,,,,,,,,,,,,,,,,,,,,,,,,,,,,,,,,,,,,,,,,,,,,,,,,,,,,,,,,,,,,,,,,,,,,,,,,,,,,,,,,,,,,,,,,,,,,,,,,,,,,,,,,,,,,,,,,,,,,,,,,,,,,,,,,,,,,,,,,,,,,,,,,,,,,,,,,,,,,,,,,,,,,,,,,,,,,,,,,,,,,,,,,,,,,,,,,,,,,,,,,,,,,,,,,,,,,,,,,,,,,,,,,,,,,,,,,,,,,,,,,,,,,,,,,,,,,,,,,,,,,,,,,,,,,,,,,,,,,,,,,,,,,,,,,,,,,,,,,,,,,,,,,,,,,,,,,,,,,,,,,,,
Housing Units,"32,349",,"7,825",,"2,892",,"5,873",,"1,000",,"36,142",,"2,521",,949,,"8,019",,"2,535",,"6,948",,599,,"10,600",,"1,079",,"11,653",,"2,770",,"49,552",,"3,631",,613,,"1,292",,"2,219",,"18,783",,"1,948",,"1,028",,"2,049",,"12,864",,"1,171",,"1,033",,"16,811",,"5,111",,"23,493",,"4,789",,"4,278",,487,,"47,609",,883,,"4,081",,"3,038",,"1,572",,"21,560",,"32,785",,138,,"1,386",,348,,"18,804",,"2,212",,"7,670",,"1,484",,"10,554",,"1,550",,"2,232",,"5,192",,"1,714",,"6,782",,"3,564",,"1,772",,"13,450",,"75,875",,394,,214,,"15,802",,"5,487",,"48,263",,"8,338",,"1,524",,"4,187",,"1,802",,"2,385",,"2,814",,562,,531,,"9,930",,363,,"3,721",,"6,093",,"1,429",,924,,"6,794",,"31,783",,88,,490,,"11,318",,"3,366",,"12,983",,"1,204",,"2,440",,"1,358",,"15,389",,"12,557",,"8,526",,"6,298",,"22,090",,876,,"1,180",,"11,233",,"5,735",,"14,141",,"1,232",,"1,019",,"34,358",,492,,"13,932",,293,,"4,326",,"1,275",,"22,457",,"169,654",,"11,818",,"7,049",,"14,489",,640,,"27,765",,475,,"1,223",,252,,"22,931",,"3,976",,"7,308",,"21,658",,"14,149",,"28,132",,"3,113",,171,,"1,893",,"30,465",,"39,574",,"5,122",,"3,309",,"16,496",,836,,"1,781",,876,,"5,464",,"15,321",,"11,866",,"386,755",,"328,185",,"33,079",,"7,757",,"2,113",,"39,732",,"9,728",,"23,906",,"25,862",,"45,903",,"23,974",,"67,526",,"1,772",,"11,127",,"4,676",,"4,308",,"3,637",,346,,844,,"4,217",,"22,106",,"2,654",,"57,948",,419,,"4,712",,"1,806",,"4,207",,"2,802",,"21,645",,"45,612",,"1,433",,"32,386",,"14,500",,"1,328",,"9,630",,"2,179",,366,,"2,634,143",
,,,,,,,,,,,,,,,,,,,,,,,,,,,,,,,,,,,,,,,,,,,,,,,,,,,,,,,,,,,,,,,,,,,,,,,,,,,,,,,,,,,,,,,,,,,,,,,,,,,,,,,,,,,,,,,,,,,,,,,,,,,,,,,,,,,,,,,,,,,,,,,,,,,,,,,,,,,,,,,,,,,,,,,,,,,,,,,,,,,,,,,,,,,,,,,,,,,,,,,,,,,,,,,,,,,,,,,,,,,,,,,,,,,,,,,,,,,,,,,,,,,,,,,,,,,,,,,,,,,,,,,,,,,,,,,,,,,,,,,,,,,,,,,,,,,,,,,,,,,,,,,,,,,,,,,,,,,,,,,,,,,,,,,,,,,,,,,,,,,,,,,,,,
SE:T238. Total Population in Renter Occupied Housing Units by Units in Structure,,,,,,,,,,,,,,,,,,,,,,,,,,,,,,,,,,,,,,,,,,,,,,,,,,,,,,,,,,,,,,,,,,,,,,,,,,,,,,,,,,,,,,,,,,,,,,,,,,,,,,,,,,,,,,,,,,,,,,,,,,,,,,,,,,,,,,,,,,,,,,,,,,,,,,,,,,,,,,,,,,,,,,,,,,,,,,,,,,,,,,,,,,,,,,,,,,,,,,,,,,,,,,,,,,,,,,,,,,,,,,,,,,,,,,,,,,,,,,,,,,,,,,,,,,,,,,,,,,,,,,,,,,,,,,,,,,,,,,,,,,,,,,,,,,,,,,,,,,,,,,,,,,,,,,,,,,,,,,,,,,,,,,,,,,,,,,,,,,,,,,,,,,
Total Population in Renter Occupied Housing Units:,"38,235",,"9,814",,"4,588",,"4,731",,890,,"44,568",,"1,602",,447,,"16,190",,548,,"11,377",,117,,"9,359",,386,,"8,442",,"1,533",,"56,789",,886,,258,,524,,"1,059",,"17,647",,"1,066",,452,,"2,703",,"13,567",,751,,222,,"19,783",,"5,717",,"20,101",,"9,737",,"1,289",,630,,"55,252",,350,,"2,877",,"3,278",,"1,629",,"22,293",,"44,204",,97,,695,,18,,"15,792",,"1,033",,"19,160",,722,,"9,969",,"1,402",,"1,116",,"5,191",,527,,"7,381",,"2,211",,648,,"13,128",,"85,349",,271,,254,,"24,013",,"4,018",,"73,049",,"5,404",,443,,823,,"2,371",,781,,"1,250",,429,,0,,"6,509",,164,,"3,863",,"5,445",,639,,209,,"8,066",,"25,834",,96,,83,,"4,635",,699,,"9,278",,122,,"1,035",,"2,411",,"12,396",,"12,590",,"7,948",,"3,718",,"25,054",,"1,685",,297,,"15,395",,"2,624",,"12,840",,"1,107",,"1,163",,"45,003",,413,,"13,989",,82,,"8,411",,"2,450",,"18,961",,"234,039",,"10,529",,"2,171",,"11,451",,"3,155",,"27,081",,40,,928,,700,,"20,452",,"1,357",,"5,815",,"29,600",,"12,753",,"21,445",,"2,896",,179,,430,,"40,133",,"54,853",,"2,742",,"3,260",,"19,551",,"1,647",,"2,707",,311,,"2,586",,"18,757",,"7,639",,"474,453",,"415,746",,"38,232",,"7,395",,"1,900",,"46,105",,"18,738",,"28,962",,"20,085",,"65,671",,"30,388",,"84,276",,"1,708",,"4,497",,"3,317",,"2,876",,"3,772",,0,,139,,"3,612",,"26,177",,"2,859",,"78,282",,303,,"2,501",,"1,723",,"2,756",,"3,651",,"25,035",,"54,043",,"1,594",,"23,508",,"33,377",,669,,"7,038",,621,,102,,"3,023,968",
"1, Detached or Attached","11,489",30.1%,"2,886",29.4%,"4,430",96.6%,"3,269",69.1%,515,57.9%,"31,333",70.3%,"1,011",63.1%,447,100.0%,"5,305",32.8%,548,100.0%,"6,910",60.7%,117,100.0%,"2,395",25.6%,220,57.0%,"3,897",46.2%,"1,238",80.8%,"13,704",24.1%,886,100.0%,258,100.0%,518,98.9%,997,94.2%,"13,436",76.1%,648,60.8%,410,90.7%,"2,012",74.4%,"3,359",24.8%,558,74.3%,52,23.4%,"6,050",30.6%,"1,929",33.7%,"9,410",46.8%,"5,887",60.5%,"1,175",91.2%,331,52.5%,"21,675",39.2%,298,85.1%,"1,217",42.3%,"1,781",54.3%,778,47.8%,"8,143",36.5%,"16,229",36.7%,66,68.0%,312,44.9%,18,100.0%,"5,724",36.3%,969,93.8%,"9,539",49.8%,502,69.5%,"4,370",43.8%,"1,223",87.2%,291,26.1%,"2,897",55.8%,479,90.9%,522,7.1%,"1,283",58.0%,559,86.3%,"3,733",28.4%,"40,462",47.4%,163,60.2%,254,100.0%,"10,098",42.1%,"2,691",67.0%,"27,911",38.2%,"3,517",65.1%,212,47.9%,683,83.0%,"1,884",79.5%,711,91.0%,716,57.3%,375,87.4%,0,,"3,108",47.8%,134,81.7%,"1,949",50.5%,996,18.3%,591,92.5%,209,100.0%,"3,722",46.1%,"12,954",50.1%,9,9.4%,75,90.4%,"2,971",64.1%,699,100.0%,"4,439",47.8%,122,100.0%,963,93.0%,375,15.6%,"6,545",52.8%,"4,248",33.7%,"2,778",35.0%,"1,839",49.5%,"13,274",53.0%,"1,650",97.9%,111,37.4%,"6,257",40.6%,"1,030",39.3%,"6,014",46.8%,710,64.1%,630,54.2%,"10,166",22.6%,335,81.1%,"8,612",61.6%,82,100.0%,"3,806",45.3%,"1,728",70.5%,"9,804",51.7%,"77,119",33.0%,"8,170",77.6%,"1,871",86.2%,"5,929",51.8%,"1,237",39.2%,"11,553",42.7%,0,0.0%,757,81.6%,133,19.0%,"12,344",60.4%,"1,151",84.8%,"3,233",55.6%,"19,135",64.7%,"5,136",40.3%,"9,893",46.1%,"1,261",43.5%,97,54.2%,136,31.6%,"13,769",34.3%,"28,705",52.3%,"2,023",73.8%,"1,346",41.3%,"8,941",45.7%,"1,389",84.3%,"1,621",59.9%,285,91.6%,"1,353",52.3%,"8,190",43.7%,"2,913",38.1%,"93,352",19.7%,"176,579",42.5%,"17,279",45.2%,"5,269",71.3%,"1,603",84.4%,"14,726",31.9%,"8,337",44.5%,"6,902",23.8%,"8,077",40.2%,"16,700",25.4%,"15,527",51.1%,"42,853",50.9%,490,28.7%,"3,408",75.8%,"1,365",41.2%,"1,544",53.7%,"2,208",58.5%,0,,139,100.0%,"2,101",58.2%,"12,124",46.3%,435,15.2%,"21,716",27.7%,275,90.8%,"2,147",85.9%,"1,339",77.7%,920,33.4%,770,21.1%,"14,331",57.2%,"31,437",58.2%,"1,001",62.8%,"7,019",29.9%,"16,693",50.0%,562,84.0%,"5,102",72.5%,564,90.8%,102,100.0%,"1,187,536",39.3%
2 To 4,"9,532",24.9%,"1,598",16.3%,63,1.4%,57,1.2%,6,0.7%,"4,403",9.9%,394,24.6%,0,0.0%,"1,876",11.6%,0,0.0%,887,7.8%,0,0.0%,"1,008",10.8%,97,25.1%,"1,888",22.4%,272,17.7%,"14,999",26.4%,0,0.0%,0,0.0%,0,0.0%,15,1.4%,931,5.3%,121,11.4%,42,9.3%,150,5.6%,"1,748",12.9%,134,17.8%,51,23.0%,"5,976",30.2%,"2,188",38.3%,"2,501",12.4%,"1,226",12.6%,0,0.0%,197,31.3%,"5,880",10.6%,52,14.9%,223,7.8%,624,19.0%,701,43.0%,"4,533",20.3%,"8,908",20.2%,24,24.7%,0,0.0%,0,0.0%,"1,065",6.7%,0,0.0%,940,4.9%,220,30.5%,"2,414",24.2%,164,11.7%,506,45.3%,870,16.8%,48,9.1%,"1,243",16.8%,266,12.0%,38,5.9%,"1,751",13.3%,"4,387",5.1%,29,10.7%,0,0.0%,"6,293",26.2%,604,15.0%,"8,949",12.3%,489,9.1%,29,6.6%,73,8.9%,330,13.9%,26,3.3%,218,17.4%,0,0.0%,0,,"1,016",15.6%,30,18.3%,292,7.6%,545,10.0%,23,3.6%,0,0.0%,"1,593",19.8%,"3,143",12.2%,87,90.6%,8,9.6%,257,5.5%,0,0.0%,"1,404",15.1%,0,0.0%,72,7.0%,187,7.8%,"2,224",17.9%,"2,472",19.6%,"1,480",18.6%,441,11.9%,"3,057",12.2%,0,0.0%,0,0.0%,"3,682",23.9%,477,18.2%,"2,917",22.7%,0,0.0%,405,34.8%,"5,304",11.8%,78,18.9%,"1,205",8.6%,0,0.0%,"2,670",31.7%,552,22.5%,"2,111",11.1%,"63,077",27.0%,209,2.0%,28,1.3%,"1,576",13.8%,710,22.5%,"3,240",12.0%,40,100.0%,17,1.8%,265,37.9%,"2,026",9.9%,44,3.2%,839,14.4%,"3,221",10.9%,"2,400",18.8%,"2,792",13.0%,545,18.8%,0,0.0%,51,11.9%,"5,430",13.5%,"12,481",22.8%,342,12.5%,"1,057",32.4%,"3,283",16.8%,0,0.0%,544,20.1%,19,6.1%,418,16.2%,"3,380",18.0%,740,9.7%,"132,497",27.9%,"60,506",14.6%,"6,254",16.4%,269,3.6%,122,6.4%,"7,213",15.6%,"4,171",22.3%,"4,709",16.3%,"2,130",10.6%,"10,422",15.9%,"5,087",16.7%,"13,927",16.5%,46,2.7%,299,6.7%,"1,042",31.4%,664,23.1%,728,19.3%,0,,0,0.0%,761,21.1%,"3,830",14.6%,539,18.9%,"12,273",15.7%,0,0.0%,247,9.9%,40,2.3%,654,23.7%,"1,727",47.3%,"1,868",7.5%,"9,292",17.2%,0,0.0%,"4,094",17.4%,"6,014",18.0%,0,0.0%,483,6.9%,0,0.0%,0,0.0%,"542,671",18.0%
5 or More,"17,204",45.0%,"5,312",54.1%,95,2.1%,944,20.0%,247,27.8%,"8,484",19.0%,197,12.3%,0,0.0%,"8,695",53.7%,0,0.0%,"3,168",27.9%,0,0.0%,"5,956",63.6%,69,17.9%,"2,577",30.5%,0,0.0%,"27,878",49.1%,0,0.0%,0,0.0%,6,1.2%,34,3.2%,"3,142",17.8%,297,27.9%,0,0.0%,541,20.0%,"8,460",62.4%,59,7.9%,119,53.6%,"7,757",39.2%,"1,493",26.1%,"7,757",38.6%,"2,624",27.0%,114,8.8%,102,16.2%,"26,704",48.3%,0,0.0%,"1,437",50.0%,820,25.0%,150,9.2%,"9,617",43.1%,"18,847",42.6%,7,7.2%,383,55.1%,0,0.0%,"8,969",56.8%,64,6.2%,"8,464",44.2%,0,0.0%,"3,185",32.0%,15,1.1%,319,28.6%,"1,414",27.2%,0,0.0%,"5,616",76.1%,620,28.0%,31,4.8%,"7,644",58.2%,"40,356",47.3%,79,29.2%,0,0.0%,"7,380",30.7%,716,17.8%,"35,468",48.6%,"1,391",25.7%,202,45.6%,67,8.1%,34,1.4%,44,5.6%,316,25.3%,0,0.0%,0,,"2,385",36.6%,0,0.0%,"1,430",37.0%,"3,836",70.5%,25,3.9%,0,0.0%,"1,998",24.8%,"9,393",36.4%,0,0.0%,0,0.0%,"1,407",30.4%,0,0.0%,"3,291",35.5%,0,0.0%,0,0.0%,"1,849",76.7%,"3,627",29.3%,"5,739",45.6%,"3,681",46.3%,"1,438",38.7%,"8,148",32.5%,0,0.0%,186,62.6%,"5,070",32.9%,"1,117",42.6%,"3,549",27.6%,43,3.9%,128,11.0%,"29,110",64.7%,0,0.0%,"4,172",29.8%,0,0.0%,"1,805",21.5%,170,6.9%,"6,754",35.6%,"92,940",39.7%,"1,653",15.7%,272,12.5%,"3,784",33.1%,"1,078",34.2%,"11,719",43.3%,0,0.0%,131,14.1%,129,18.4%,"5,827",28.5%,162,11.9%,"1,743",30.0%,"7,036",23.8%,"5,187",40.7%,"8,626",40.2%,659,22.8%,82,45.8%,243,56.5%,"20,503",51.1%,"13,318",24.3%,377,13.8%,857,26.3%,"7,175",36.7%,258,15.7%,523,19.3%,7,2.3%,815,31.5%,"7,177",38.3%,"3,896",51.0%,"247,253",52.1%,"172,887",41.6%,"14,541",38.0%,"1,263",17.1%,81,4.3%,"24,132",52.3%,"5,682",30.3%,"17,175",59.3%,"9,878",49.2%,"38,432",58.5%,"9,481",31.2%,"26,425",31.4%,"1,172",68.6%,753,16.7%,910,27.4%,560,19.5%,836,22.2%,0,,0,0.0%,219,6.1%,"10,130",38.7%,"1,885",65.9%,"42,278",54.0%,0,0.0%,107,4.3%,344,20.0%,"1,182",42.9%,"1,154",31.6%,"8,703",34.8%,"12,792",23.7%,593,37.2%,"12,281",52.2%,"9,418",28.2%,107,16.0%,"1,026",14.6%,0,0.0%,0,0.0%,"1,263,898",41.8%
Mobile Home,10,0.0%,18,0.2%,0,0.0%,461,9.7%,122,13.7%,299,0.7%,0,0.0%,0,0.0%,314,1.9%,0,0.0%,412,3.6%,0,0.0%,0,0.0%,0,0.0%,80,1.0%,23,1.5%,208,0.4%,0,0.0%,0,0.0%,0,0.0%,13,1.2%,138,0.8%,0,0.0%,0,0.0%,0,0.0%,0,0.0%,0,0.0%,0,0.0%,0,0.0%,94,1.6%,433,2.2%,0,0.0%,0,0.0%,0,0.0%,926,1.7%,0,0.0%,0,0.0%,53,1.6%,0,0.0%,0,0.0%,164,0.4%,0,0.0%,0,0.0%,0,0.0%,34,0.2%,0,0.0%,217,1.1%,0,0.0%,0,0.0%,0,0.0%,0,0.0%,0,0.0%,0,0.0%,0,0.0%,42,1.9%,20,3.1%,0,0.0%,144,0.2%,0,0.0%,0,0.0%,242,1.0%,7,0.2%,721,1.0%,7,0.1%,0,0.0%,0,0.0%,123,5.2%,0,0.0%,0,0.0%,54,12.6%,0,,0,0.0%,0,0.0%,192,5.0%,15,0.3%,0,0.0%,0,0.0%,753,9.3%,79,0.3%,0,0.0%,0,0.0%,0,0.0%,0,0.0%,144,1.6%,0,0.0%,0,0.0%,0,0.0%,0,0.0%,0,0.0%,9,0.1%,0,0.0%,575,2.3%,35,2.1%,0,0.0%,386,2.5%,0,0.0%,209,1.6%,354,32.0%,0,0.0%,404,0.9%,0,0.0%,0,0.0%,0,0.0%,130,1.6%,0,0.0%,292,1.5%,783,0.3%,497,4.7%,0,0.0%,162,1.4%,130,4.1%,569,2.1%,0,0.0%,23,2.5%,173,24.7%,255,1.3%,0,0.0%,0,0.0%,169,0.6%,0,0.0%,56,0.3%,431,14.9%,0,0.0%,0,0.0%,421,1.1%,287,0.5%,0,0.0%,0,0.0%,143,0.7%,0,0.0%,19,0.7%,0,0.0%,0,0.0%,0,0.0%,90,1.2%,"1,067",0.2%,"5,620",1.4%,114,0.3%,594,8.0%,94,5.0%,34,0.1%,548,2.9%,176,0.6%,0,0.0%,40,0.1%,176,0.6%,"1,071",1.3%,0,0.0%,37,0.8%,0,0.0%,108,3.8%,0,0.0%,0,,0,0.0%,531,14.7%,93,0.4%,0,0.0%,"1,997",2.6%,28,9.2%,0,0.0%,0,0.0%,0,0.0%,0,0.0%,110,0.4%,522,1.0%,0,0.0%,45,0.2%,"1,104",3.3%,0,0.0%,427,6.1%,57,9.2%,0,0.0%,"27,757",0.9%
"Boat, Rv, Van, Etc.",0,0.0%,0,0.0%,0,0.0%,0,0.0%,0,0.0%,49,0.1%,0,0.0%,0,0.0%,0,0.0%,0,0.0%,0,0.0%,0,0.0%,0,0.0%,0,0.0%,0,0.0%,0,0.0%,0,0.0%,0,0.0%,0,0.0%,0,0.0%,0,0.0%,0,0.0%,0,0.0%,0,0.0%,0,0.0%,0,0.0%,0,0.0%,0,0.0%,0,0.0%,13,0.2%,0,0.0%,0,0.0%,0,0.0%,0,0.0%,67,0.1%,0,0.0%,0,0.0%,0,0.0%,0,0.0%,0,0.0%,56,0.1%,0,0.0%,0,0.0%,0,0.0%,0,0.0%,0,0.0%,0,0.0%,0,0.0%,0,0.0%,0,0.0%,0,0.0%,10,0.2%,0,0.0%,0,0.0%,0,0.0%,0,0.0%,0,0.0%,0,0.0%,0,0.0%,0,0.0%,0,0.0%,0,0.0%,0,0.0%,0,0.0%,0,0.0%,0,0.0%,0,0.0%,0,0.0%,0,0.0%,0,0.0%,0,,0,0.0%,0,0.0%,0,0.0%,53,1.0%,0,0.0%,0,0.0%,0,0.0%,265,1.0%,0,0.0%,0,0.0%,0,0.0%,0,0.0%,0,0.0%,0,0.0%,0,0.0%,0,0.0%,0,0.0%,131,1.0%,0,0.0%,0,0.0%,0,0.0%,0,0.0%,0,0.0%,0,0.0%,0,0.0%,151,1.2%,0,0.0%,0,0.0%,19,0.0%,0,0.0%,0,0.0%,0,0.0%,0,0.0%,0,0.0%,0,0.0%,120,0.1%,0,0.0%,0,0.0%,0,0.0%,0,0.0%,0,0.0%,0,0.0%,0,0.0%,0,0.0%,0,0.0%,0,0.0%,0,0.0%,39,0.1%,30,0.2%,78,0.4%,0,0.0%,0,0.0%,0,0.0%,10,0.0%,62,0.1%,0,0.0%,0,0.0%,9,0.1%,0,0.0%,0,0.0%,0,0.0%,0,0.0%,10,0.1%,0,0.0%,284,0.1%,154,0.0%,44,0.1%,0,0.0%,0,0.0%,0,0.0%,0,0.0%,0,0.0%,0,0.0%,77,0.1%,117,0.4%,0,0.0%,0,0.0%,0,0.0%,0,0.0%,0,0.0%,0,0.0%,0,,0,0.0%,0,0.0%,0,0.0%,0,0.0%,18,0.0%,0,0.0%,0,0.0%,0,0.0%,0,0.0%,0,0.0%,23,0.1%,0,0.0%,0,0.0%,69,0.3%,148,0.4%,0,0.0%,0,0.0%,0,0.0%,0,0.0%,"2,106",0.1%
,,,,,,,,,,,,,,,,,,,,,,,,,,,,,,,,,,,,,,,,,,,,,,,,,,,,,,,,,,,,,,,,,,,,,,,,,,,,,,,,,,,,,,,,,,,,,,,,,,,,,,,,,,,,,,,,,,,,,,,,,,,,,,,,,,,,,,,,,,,,,,,,,,,,,,,,,,,,,,,,,,,,,,,,,,,,,,,,,,,,,,,,,,,,,,,,,,,,,,,,,,,,,,,,,,,,,,,,,,,,,,,,,,,,,,,,,,,,,,,,,,,,,,,,,,,,,,,,,,,,,,,,,,,,,,,,,,,,,,,,,,,,,,,,,,,,,,,,,,,,,,,,,,,,,,,,,,,,,,,,,,,,,,,,,,,,,,,,,,,,,,,,,,
SE:T101. Median House Value for All Owner-Occupied Housing Units,,,,,,,,,,,,,,,,,,,,,,,,,,,,,,,,,,,,,,,,,,,,,,,,,,,,,,,,,,,,,,,,,,,,,,,,,,,,,,,,,,,,,,,,,,,,,,,,,,,,,,,,,,,,,,,,,,,,,,,,,,,,,,,,,,,,,,,,,,,,,,,,,,,,,,,,,,,,,,,,,,,,,,,,,,,,,,,,,,,,,,,,,,,,,,,,,,,,,,,,,,,,,,,,,,,,,,,,,,,,,,,,,,,,,,,,,,,,,,,,,,,,,,,,,,,,,,,,,,,,,,,,,,,,,,,,,,,,,,,,,,,,,,,,,,,,,,,,,,,,,,,,,,,,,,,,,,,,,,,,,,,,,,,,,,,,,,,,,,,,,,,,,,
Median Value,"$677,000",,"$697,600",,"$463,000",,"$374,200",,"$366,500",,"$291,400",,"$665,800",,"$751,900",,"$335,000",,"$2,000,001",,"$193,000",,"$295,500",,"$1,074,600",,"$2,000,001",,"$475,500",,"$553,900",,"$795,200",,"$1,064,600",,"$987,200",,"$744,300",,"$449,500",,"$428,500",,"$699,800",,"$621,300",,"$533,900",,"$1,447,400",,"$899,400",,"$1,000,400",,"$804,500",,"$560,500",,"$591,600",,"$334,500",,"$629,200",,"$587,700",,"$423,100",,"$758,400",,"$1,061,700",,"$429,700",,"$420,200",,"$1,214,300",,"$611,800",,"$627,900",,"$788,400",,"$1,486,100",,"$693,900",,"$704,500",,"$515,900",,"$407,700",,"$636,600",,"$369,500",,"$857,900",,"$350,400",,"$1,376,700",,"$396,900",,"$733,800",,"$512,400",,"$949,900",,"$702,800",,"$678,200",,"$498,100",,"$528,700",,"$774,000",,"$404,500",,"$422,200",,"$1,184,000",,"$2,000,001",,"$397,600",,"$805,200",,"$1,685,800",,"$594,000",,"$2,000,001",,"$1,127,400",,"$610,100",,"$444,800",,"$1,117,800",,"$795,100",,"$788,500",,"$573,200",,"$595,500",,,,"$357,100",,"$2,000,001",,"$2,000,001",,"$1,338,400",,"$2,000,001",,"$802,400",,"$533,000",,"$462,300",,"$1,581,700",,"$1,037,400",,"$1,201,600",,"$635,300",,"$172,300",,"$824,800",,"$281,100",,"$971,700",,"$678,900",,"$740,200",,"$334,000",,"$973,000",,"$573,000",,"$547,800",,"$1,758,600",,"$655,600",,"$247,700",,"$625,900",,"$500,500",,"$324,000",,"$1,125,000",,"$680,500",,,,"$1,702,100",,"$926,700",,"$703,900",,"$685,000",,"$498,200",,"$1,572,700",,"$387,500",,"$280,900",,"$584,700",,"$828,900",,"$765,400",,,,"$2,000,001",,"$924,300",,"$330,200",,"$762,200",,"$345,300",,"$341,000",,"$198,500",,"$312,200",,"$2,000,001",,"$914,400",,"$668,700",,"$1,107,600",,"$858,800",,"$658,000",,"$426,900",,"$419,300",,"$794,700",,"$850,200",,"$221,400",,"$758,600",,"$810,700",,"$734,500",,"$707,600",,"$414,800",,"$631,600",,"$1,742,900",,"$1,163,500",,"$654,600",,"$543,100",,"$929,900",,"$1,430,600",,"$551,500",,"$644,500",,"$1,176,100",,"$859,100",,"$791,700",,"$1,031,300",,"$310,500",,"$1,847,800",,"$659,000",,"$561,200",,"$254,100",,"$314,000",,"$647,400",,"$361,000",,"$1,664,200",,"$445,700",,"$2,000,001",,"$377,700",,"$619,324",
,,,,,,,,,,,,,,,,,,,,,,,,,,,,,,,,,,,,,,,,,,,,,,,,,,,,,,,,,,,,,,,,,,,,,,,,,,,,,,,,,,,,,,,,,,,,,,,,,,,,,,,,,,,,,,,,,,,,,,,,,,,,,,,,,,,,,,,,,,,,,,,,,,,,,,,,,,,,,,,,,,,,,,,,,,,,,,,,,,,,,,,,,,,,,,,,,,,,,,,,,,,,,,,,,,,,,,,,,,,,,,,,,,,,,,,,,,,,,,,,,,,,,,,,,,,,,,,,,,,,,,,,,,,,,,,,,,,,,,,,,,,,,,,,,,,,,,,,,,,,,,,,,,,,,,,,,,,,,,,,,,,,,,,,,,,,,,,,,,,,,,,,,,
SE:T104. Median Gross Rent,,,,,,,,,,,,,,,,,,,,,,,,,,,,,,,,,,,,,,,,,,,,,,,,,,,,,,,,,,,,,,,,,,,,,,,,,,,,,,,,,,,,,,,,,,,,,,,,,,,,,,,,,,,,,,,,,,,,,,,,,,,,,,,,,,,,,,,,,,,,,,,,,,,,,,,,,,,,,,,,,,,,,,,,,,,,,,,,,,,,,,,,,,,,,,,,,,,,,,,,,,,,,,,,,,,,,,,,,,,,,,,,,,,,,,,,,,,,,,,,,,,,,,,,,,,,,,,,,,,,,,,,,,,,,,,,,,,,,,,,,,,,,,,,,,,,,,,,,,,,,,,,,,,,,,,,,,,,,,,,,,,,,,,,,,,,,,,,,,,,,,,,,,
Median Gross Rent,"$1,478",,"$1,653",,"$1,700",,"$1,616",,$918,,"$1,439",,"$1,678",,"$1,847",,"$1,242",,"$3,095",,"$1,334",,,,"$1,784",,"$2,408",,"$1,429",,"$1,407",,"$1,434",,"$2,866",,"$2,476",,"$1,221",,"$1,635",,"$1,977",,"$1,698",,$797,,"$1,323",,"$1,789",,"$2,138",,"$2,149",,"$1,821",,"$1,703",,"$1,454",,"$1,311",,"$2,490",,"$1,469",,"$1,387",,"$1,838",,"$2,025",,"$1,327",,"$1,148",,"$2,579",,"$1,769",,"$1,167",,"$1,528",,,,"$2,154",,"$2,184",,"$1,510",,"$1,524",,"$1,567",,"$1,432",,"$1,887",,"$1,352",,"$2,333",,"$1,749",,"$1,690",,"$1,263",,"$2,535",,"$1,868",,"$1,031",,$881,,"$1,521",,"$2,032",,"$1,417",,"$1,693",,"$2,007",,"$2,483",,"$1,488",,"$1,994",,"$1,602",,"$1,409",,,,"$1,816",,"$1,574",,"$1,582",,"$1,890",,"$1,954",,"$1,137",,"$1,634",,"$1,673",,,,"$1,813",,"$2,611",,"$1,962",,"$1,910",,"$2,917",,"$2,347",,"$1,439",,"$1,550",,"$1,934",,"$1,936",,"$1,968",,"$1,995",,"$1,831",,"$1,682",,"$1,170",,"$1,909",,"$1,700",,"$1,459",,"$1,093",,"$1,912",,"$1,010",,"$1,744",,,,"$1,515",,"$1,159",,"$1,764",,"$1,189",,"$1,498",,"$2,337",,"$1,937",,"$1,260",,"$2,283",,,,"$1,189",,$715,,"$1,548",,"$2,636",,"$1,558",,"$1,439",,"$1,719",,"$1,949",,"$1,257",,"$1,125",,"$3,114",,"$1,807",,"$1,242",,"$2,018",,"$1,178",,"$1,407",,"$1,355",,"$1,245",,"$2,266",,"$1,638",,"$1,834",,"$1,849",,"$1,632",,"$1,689",,"$1,319",,"$1,539",,"$1,695",,"$1,871",,"$1,127",,"$1,628",,"$1,987",,"$1,917",,"$1,576",,"$1,371",,"$1,702",,"$2,410",,"$1,998",,"$2,103",,"$1,314",,,,"$2,363",,"$1,398",,"$1,607",,"$1,609",,"$1,949",,"$1,401",,"$2,508",,"$1,289",,"$2,275",,"$1,410",,"$1,756",,"$1,250",,"$1,402",,"$1,721",,"$1,285",,"$2,342",,"$1,770",,"$1,811",,"$1,545",,"$1,605",
,,,,,,,,,,,,,,,,,,,,,,,,,,,,,,,,,,,,,,,,,,,,,,,,,,,,,,,,,,,,,,,,,,,,,,,,,,,,,,,,,,,,,,,,,,,,,,,,,,,,,,,,,,,,,,,,,,,,,,,,,,,,,,,,,,,,,,,,,,,,,,,,,,,,,,,,,,,,,,,,,,,,,,,,,,,,,,,,,,,,,,,,,,,,,,,,,,,,,,,,,,,,,,,,,,,,,,,,,,,,,,,,,,,,,,,,,,,,,,,,,,,,,,,,,,,,,,,,,,,,,,,,,,,,,,,,,,,,,,,,,,,,,,,,,,,,,,,,,,,,,,,,,,,,,,,,,,,,,,,,,,,,,,,,,,,,,,,,,,,,,,,,,,
SE:T105. Median Gross Rent as a Percentage of Household Income in The Past 12 Months (Dollars),,,,,,,,,,,,,,,,,,,,,,,,,,,,,,,,,,,,,,,,,,,,,,,,,,,,,,,,,,,,,,,,,,,,,,,,,,,,,,,,,,,,,,,,,,,,,,,,,,,,,,,,,,,,,,,,,,,,,,,,,,,,,,,,,,,,,,,,,,,,,,,,,,,,,,,,,,,,,,,,,,,,,,,,,,,,,,,,,,,,,,,,,,,,,,,,,,,,,,,,,,,,,,,,,,,,,,,,,,,,,,,,,,,,,,,,,,,,,,,,,,,,,,,,,,,,,,,,,,,,,,,,,,,,,,,,,,,,,,,,,,,,,,,,,,,,,,,,,,,,,,,,,,,,,,,,,,,,,,,,,,,,,,,,,,,,,,,,,,,,,,,,,,
Median Gross Rent as a Percentage of Household  Income in The Past 12 Months (Dollars),27.9%,,36.0%,,35.7%,,31.6%,,50.0%,,36.1%,,25.1%,,27.8%,,37.0%,,12.0%,,37.6%,,,,32.6%,,22.5%,,33.8%,,32.3%,,33.5%,,27.1%,,33.6%,,37.1%,,37.5%,,33.7%,,37.1%,,48.6%,,33.9%,,26.7%,,31.8%,,35.0%,,27.9%,,31.4%,,32.3%,,35.4%,,29.7%,,25.9%,,32.8%,,26.5%,,30.5%,,34.1%,,22.6%,,24.0%,,33.9%,,20.0%,,50.0%,,,,28.1%,,20.8%,,36.0%,,33.1%,,27.4%,,35.9%,,40.6%,,29.5%,,14.9%,,27.9%,,31.9%,,25.7%,,25.7%,,26.3%,,33.2%,,50.0%,,37.6%,,29.3%,,33.6%,,31.2%,,20.7%,,14.1%,,41.7%,,23.1%,,25.2%,,48.2%,,,,27.9%,,50.0%,,34.3%,,29.8%,,25.7%,,21.3%,,35.6%,,31.4%,,,,41.3%,,21.6%,,23.5%,,26.3%,,15.5%,,28.7%,,42.8%,,29.2%,,27.2%,,29.8%,,27.2%,,29.0%,,34.5%,,50.0%,,37.3%,,31.3%,,33.7%,,22.1%,,43.6%,,26.1%,,40.8%,,29.9%,,17.9%,,41.3%,,44.1%,,34.3%,,32.1%,,32.1%,,18.8%,,28.6%,,32.9%,,25.9%,,,,37.1%,,24.8%,,29.7%,,24.5%,,33.0%,,35.1%,,29.4%,,27.5%,,32.5%,,13.9%,,22.4%,,32.1%,,33.7%,,32.5%,,34.7%,,37.3%,,38.6%,,33.0%,,15.4%,,30.8%,,28.4%,,28.3%,,26.9%,,31.7%,,31.2%,,25.7%,,33.3%,,30.0%,,36.1%,,34.0%,,29.2%,,27.3%,,39.2%,,32.5%,,26.2%,,25.3%,,27.4%,,27.4%,,33.8%,,,,16.3%,,33.5%,,29.6%,,29.4%,,24.2%,,29.5%,,22.4%,,44.1%,,21.8%,,36.2%,,30.5%,,36.2%,,23.4%,,29.0%,,36.6%,,19.6%,,29.7%,,15.4%,,50.0%,,30.0%,
,,,,,,,,,,,,,,,,,,,,,,,,,,,,,,,,,,,,,,,,,,,,,,,,,,,,,,,,,,,,,,,,,,,,,,,,,,,,,,,,,,,,,,,,,,,,,,,,,,,,,,,,,,,,,,,,,,,,,,,,,,,,,,,,,,,,,,,,,,,,,,,,,,,,,,,,,,,,,,,,,,,,,,,,,,,,,,,,,,,,,,,,,,,,,,,,,,,,,,,,,,,,,,,,,,,,,,,,,,,,,,,,,,,,,,,,,,,,,,,,,,,,,,,,,,,,,,,,,,,,,,,,,,,,,,,,,,,,,,,,,,,,,,,,,,,,,,,,,,,,,,,,,,,,,,,,,,,,,,,,,,,,,,,,,,,,,,,,,,,,,,,,,,
SE:T112. Median Selected Monthly Owner Costs as a Percentage of Household Income in the Past 12 Months (Dollars) and Mortgage Status,,,,,,,,,,,,,,,,,,,,,,,,,,,,,,,,,,,,,,,,,,,,,,,,,,,,,,,,,,,,,,,,,,,,,,,,,,,,,,,,,,,,,,,,,,,,,,,,,,,,,,,,,,,,,,,,,,,,,,,,,,,,,,,,,,,,,,,,,,,,,,,,,,,,,,,,,,,,,,,,,,,,,,,,,,,,,,,,,,,,,,,,,,,,,,,,,,,,,,,,,,,,,,,,,,,,,,,,,,,,,,,,,,,,,,,,,,,,,,,,,,,,,,,,,,,,,,,,,,,,,,,,,,,,,,,,,,,,,,,,,,,,,,,,,,,,,,,,,,,,,,,,,,,,,,,,,,,,,,,,,,,,,,,,,,,,,,,,,,,,,,,,,,
Median Selected Monthly Owner Costs as a Percentage of Household Income:,21.0%,,22.5%,,25.7%,,22.3%,,27.2%,,23.2%,,22.9%,,27.9%,,23.9%,,17.0%,,22.3%,,20.1%,,19.9%,,20.2%,,20.1%,,27.3%,,20.5%,,24.7%,,22.6%,,20.3%,,27.5%,,25.0%,,25.2%,,26.7%,,24.0%,,21.8%,,22.5%,,28.3%,,21.6%,,23.6%,,20.5%,,27.0%,,22.6%,,20.2%,,22.2%,,20.3%,,20.9%,,23.5%,,17.4%,,19.7%,,23.0%,,41.7%,,24.8%,,14.0%,,23.9%,,21.9%,,25.7%,,20.9%,,21.1%,,26.9%,,22.5%,,24.1%,,21.4%,,24.3%,,23.3%,,22.2%,,22.1%,,20.4%,,25.6%,,27.6%,,22.8%,,20.1%,,22.6%,,24.4%,,21.3%,,22.2%,,27.2%,,18.3%,,19.6%,,21.8%,,16.0%,,19.0%,,14.0%,,20.7%,,22.4%,,22.8%,,20.1%,,22.8%,,21.7%,,,,20.8%,,19.5%,,16.6%,,22.0%,,21.5%,,23.0%,,23.3%,,21.6%,,20.6%,,23.2%,,18.9%,,21.3%,,18.8%,,35.4%,,21.9%,,22.0%,,23.2%,,22.7%,,23.4%,,20.1%,,14.8%,,21.4%,,29.5%,,23.5%,,27.7%,,23.4%,,22.9%,,24.4%,,17.5%,,23.4%,,27.0%,,18.7%,,21.2%,,25.5%,,15.2%,,22.4%,,18.0%,,19.4%,,23.3%,,21.7%,,21.8%,,27.5%,,,,14.4%,,23.6%,,23.2%,,21.5%,,20.7%,,23.6%,,18.8%,,21.1%,,21.0%,,25.0%,,22.9%,,21.2%,,21.6%,,22.4%,,21.6%,,22.1%,,26.6%,,21.9%,,22.5%,,21.4%,,23.4%,,20.7%,,21.5%,,22.5%,,25.8%,,19.9%,,23.8%,,23.6%,,23.3%,,19.1%,,24.6%,,25.3%,,22.4%,,17.4%,,19.0%,,19.6%,,21.6%,,21.9%,,22.4%,,19.0%,,22.4%,,22.6%,,30.0%,,22.3%,,23.0%,,19.4%,,23.2%,,16.3%,,24.3%,,,
Housing Units with a Mortgage,23.6%,,24.7%,,28.2%,,25.5%,,33.5%,,26.5%,,28.0%,,37.0%,,28.3%,,24.2%,,27.8%,,25.9%,,23.2%,,31.4%,,22.6%,,31.0%,,24.6%,,27.3%,,29.5%,,27.9%,,30.2%,,27.0%,,30.0%,,28.6%,,26.4%,,24.9%,,25.8%,,29.7%,,25.0%,,26.7%,,23.8%,,31.8%,,24.1%,,23.7%,,25.5%,,29.5%,,24.3%,,25.6%,,23.9%,,24.2%,,28.2%,,44.2%,,26.8%,,14.7%,,25.5%,,25.0%,,28.4%,,25.8%,,24.9%,,31.3%,,27.0%,,28.2%,,23.2%,,27.9%,,23.8%,,26.7%,,25.8%,,23.0%,,27.4%,,27.6%,,25.5%,,22.0%,,26.0%,,26.7%,,24.7%,,27.1%,,30.3%,,24.0%,,25.2%,,24.5%,,19.9%,,23.1%,,15.0%,,23.1%,,27.6%,,32.5%,,22.4%,,26.5%,,24.1%,,,,29.1%,,23.7%,,22.2%,,25.6%,,24.7%,,26.1%,,24.5%,,24.0%,,25.0%,,28.5%,,21.8%,,24.5%,,20.1%,,37.9%,,27.6%,,25.9%,,25.6%,,24.6%,,25.8%,,22.9%,,26.3%,,24.8%,,35.1%,,26.9%,,28.8%,,27.8%,,26.3%,,25.5%,,21.9%,,26.5%,,28.0%,,24.8%,,24.2%,,28.0%,,50.0%,,25.4%,,23.8%,,24.9%,,27.0%,,25.1%,,24.0%,,30.2%,,,,19.6%,,26.6%,,27.6%,,23.7%,,25.2%,,27.2%,,27.3%,,24.5%,,28.4%,,28.7%,,28.6%,,24.1%,,26.4%,,25.6%,,26.8%,,26.0%,,28.2%,,26.0%,,29.8%,,25.9%,,24.8%,,24.8%,,25.5%,,26.0%,,28.7%,,25.0%,,27.3%,,28.3%,,28.4%,,32.3%,,26.7%,,27.7%,,26.4%,,23.0%,,22.7%,,25.2%,,23.6%,,24.7%,,26.5%,,28.2%,,25.9%,,25.7%,,31.5%,,25.6%,,27.8%,,21.7%,,26.0%,,24.2%,,24.3%,,25.5%,
Housing Units Without a Mortgage,10.7%,,12.0%,,12.5%,,10.1%,,10.0%,,10.0%,,13.6%,,10.0%,,10.7%,,10.0%,,12.6%,,10.0%,,10.0%,,11.6%,,10.7%,,13.8%,,10.4%,,10.0%,,10.0%,,10.7%,,10.0%,,14.7%,,14.0%,,12.3%,,10.9%,,11.1%,,10.0%,,10.0%,,10.0%,,16.2%,,10.0%,,10.0%,,10.1%,,10.0%,,11.2%,,10.0%,,10.0%,,12.1%,,10.0%,,10.0%,,10.2%,,18.3%,,21.2%,,13.3%,,10.0%,,11.0%,,14.9%,,10.0%,,10.0%,,10.0%,,10.0%,,12.1%,,13.5%,,11.7%,,16.8%,,15.8%,,11.3%,,10.0%,,16.1%,,,,10.1%,,13.9%,,10.3%,,10.0%,,10.0%,,13.3%,,10.5%,,10.0%,,10.0%,,10.0%,,10.0%,,10.0%,,12.4%,,15.9%,,13.3%,,10.3%,,10.4%,,13.2%,,10.0%,,,,14.9%,,10.0%,,10.0%,,10.0%,,10.6%,,10.1%,,16.5%,,10.2%,,10.0%,,12.3%,,11.0%,,10.0%,,18.0%,,18.3%,,10.0%,,10.0%,,11.3%,,15.5%,,10.0%,,11.0%,,10.0%,,10.0%,,,,10.0%,,13.2%,,12.5%,,12.1%,,13.7%,,10.0%,,10.0%,,14.0%,,10.0%,,10.0%,,12.9%,,10.0%,,11.6%,,10.0%,,10.2%,,10.0%,,10.0%,,10.0%,,13.0%,,,,10.0%,,12.2%,,10.0%,,13.7%,,10.0%,,12.6%,,10.0%,,10.4%,,12.6%,,11.5%,,10.0%,,10.0%,,10.0%,,10.1%,,10.0%,,10.0%,,12.3%,,10.3%,,12.1%,,11.3%,,11.2%,,10.0%,,10.0%,,11.8%,,15.2%,,10.0%,,16.6%,,12.4%,,11.0%,,10.0%,,10.0%,,14.5%,,10.3%,,11.1%,,10.0%,,10.0%,,12.8%,,10.7%,,13.1%,,13.0%,,10.0%,,10.3%,,19.0%,,15.6%,,11.1%,,10.0%,,12.5%,,10.0%,,25.3%,,10.4%,
,,,,,,,,,,,,,,,,,,,,,,,,,,,,,,,,,,,,,,,,,,,,,,,,,,,,,,,,,,,,,,,,,,,,,,,,,,,,,,,,,,,,,,,,,,,,,,,,,,,,,,,,,,,,,,,,,,,,,,,,,,,,,,,,,,,,,,,,,,,,,,,,,,,,,,,,,,,,,,,,,,,,,,,,,,,,,,,,,,,,,,,,,,,,,,,,,,,,,,,,,,,,,,,,,,,,,,,,,,,,,,,,,,,,,,,,,,,,,,,,,,,,,,,,,,,,,,,,,,,,,,,,,,,,,,,,,,,,,,,,,,,,,,,,,,,,,,,,,,,,,,,,,,,,,,,,,,,,,,,,,,,,,,,,,,,,,,,,,,,,,,,,,,
SE:T225. Monthly Housing Costs as a Percentage of Household Income in the Past 12 Months (Renter-Occupied Housing Units),,,,,,,,,,,,,,,,,,,,,,,,,,,,,,,,,,,,,,,,,,,,,,,,,,,,,,,,,,,,,,,,,,,,,,,,,,,,,,,,,,,,,,,,,,,,,,,,,,,,,,,,,,,,,,,,,,,,,,,,,,,,,,,,,,,,,,,,,,,,,,,,,,,,,,,,,,,,,,,,,,,,,,,,,,,,,,,,,,,,,,,,,,,,,,,,,,,,,,,,,,,,,,,,,,,,,,,,,,,,,,,,,,,,,,,,,,,,,,,,,,,,,,,,,,,,,,,,,,,,,,,,,,,,,,,,,,,,,,,,,,,,,,,,,,,,,,,,,,,,,,,,,,,,,,,,,,,,,,,,,,,,,,,,,,,,,,,,,,,,,,,,,,
Renter-Occupied Housing Units:,"16,333",,"3,961",,"1,047",,"1,336",,318,,"13,332",,607,,157,,"5,354",,166,,"3,069",,41,,"4,057",,176,,"3,567",,587,,"26,367",,291,,97,,216,,486,,"5,094",,544,,220,,"1,062",,"6,517",,218,,92,,"7,854",,"2,489",,"7,299",,"3,044",,406,,224,,"19,118",,141,,"1,185",,"1,211",,736,,"7,586",,"13,957",,50,,243,,18,,"6,295",,292,,"4,884",,320,,"4,002",,397,,418,,"2,007",,162,,"3,973",,"1,080",,295,,"5,460",,"28,007",,147,,75,,"6,541",,"1,412",,"22,874",,"1,719",,224,,295,,575,,328,,632,,109,,0,,"2,595",,109,,"1,400",,"3,082",,256,,95,,"2,778",,"9,209",,32,,46,,"1,832",,302,,"4,181",,53,,388,,928,,"4,967",,"4,980",,"3,080",,"1,877",,"7,704",,359,,146,,"4,474",,962,,"4,162",,311,,458,,"19,450",,122,,"4,067",,48,,"2,050",,670,,"7,248",,"95,994",,"2,959",,876,,"4,436",,555,,"11,773",,19,,412,,133,,"7,638",,448,,"2,065",,"9,229",,"5,511",,"8,322",,"1,260",,90,,288,,"14,557",,"18,672",,"1,271",,"1,164",,"7,579",,398,,695,,79,,"1,408",,"6,517",,"3,351",,"225,466",,"136,195",,"14,655",,"2,072",,550,,"17,457",,"5,644",,"10,802",,"7,732",,"24,857",,"12,404",,"30,693",,451,,"1,665",,"2,064",,"1,144",,"1,729",,0,,45,,"1,295",,"8,349",,"1,513",,"29,772",,99,,"1,031",,623,,"1,272",,"1,459",,"7,208",,"18,799",,441,,"11,198",,"8,491",,196,,"2,313",,209,,40,,"1,145,449",
"Less Than $20,000:","2,421",14.8%,544,13.7%,100,9.6%,179,13.4%,85,26.7%,"2,833",21.3%,103,17.0%,18,11.5%,"1,163",21.7%,0,0.0%,672,21.9%,15,36.6%,572,14.1%,10,5.7%,630,17.7%,83,14.1%,"7,085",26.9%,0,0.0%,0,0.0%,17,7.9%,119,24.5%,924,18.1%,77,14.2%,88,40.0%,149,14.0%,589,9.0%,17,7.8%,0,0.0%,741,9.4%,282,11.3%,"1,066",14.6%,589,19.4%,16,3.9%,26,11.6%,"3,154",16.5%,20,14.2%,84,7.1%,195,16.1%,91,12.4%,509,6.7%,"1,447",10.4%,6,12.0%,81,33.3%,0,0.0%,510,8.1%,13,4.5%,680,13.9%,20,6.3%,415,10.4%,5,1.3%,0,0.0%,310,15.5%,0,0.0%,502,12.6%,192,17.8%,71,24.1%,320,5.9%,"2,134",7.6%,26,17.7%,40,53.3%,"1,151",17.6%,233,16.5%,"3,966",17.3%,251,14.6%,0,0.0%,0,0.0%,42,7.3%,23,7.0%,67,10.6%,36,33.0%,0,,412,15.9%,30,27.5%,152,10.9%,326,10.6%,20,7.8%,10,10.5%,619,22.3%,"1,060",11.5%,0,0.0%,8,17.4%,104,5.7%,33,10.9%,315,7.5%,0,0.0%,28,7.2%,254,27.4%,734,14.8%,476,9.6%,190,6.2%,280,14.9%,841,10.9%,38,10.6%,47,32.2%,859,19.2%,151,15.7%,440,10.6%,0,0.0%,161,35.2%,"1,683",8.7%,25,20.5%,386,9.5%,0,0.0%,345,16.8%,276,41.2%,"1,257",17.3%,"23,754",24.8%,601,20.3%,101,11.5%,523,11.8%,65,11.7%,"1,233",10.5%,0,0.0%,88,21.4%,16,12.0%,"1,154",15.1%,34,7.6%,196,9.5%,"2,131",23.1%,570,10.3%,923,11.1%,237,18.8%,0,0.0%,52,18.1%,"1,857",12.8%,"4,011",21.5%,177,13.9%,348,29.9%,"1,563",20.6%,108,27.1%,93,13.4%,0,0.0%,236,16.8%,311,4.8%,265,7.9%,"41,399",18.4%,"21,899",16.1%,"2,027",13.8%,242,11.7%,69,12.6%,"1,633",9.4%,"1,386",24.6%,"1,977",18.3%,624,8.1%,"2,584",10.4%,"3,007",24.2%,"4,986",16.2%,40,8.9%,233,14.0%,135,6.5%,55,4.8%,373,21.6%,0,,0,0.0%,290,22.4%,"1,037",12.4%,347,22.9%,"2,120",7.1%,7,7.1%,68,6.6%,210,33.7%,110,8.7%,276,18.9%,910,12.6%,"4,724",25.1%,60,13.6%,"1,381",12.3%,"1,757",20.7%,20,10.2%,283,12.2%,22,10.5%,16,40.0%,"186,321",16.3%
Less Than 20 Percent,42,0.3%,0,0.0%,0,0.0%,0,0.0%,0,0.0%,9,0.1%,0,0.0%,0,0.0%,16,0.3%,0,0.0%,13,0.4%,0,0.0%,0,0.0%,0,0.0%,16,0.5%,0,0.0%,184,0.7%,0,0.0%,0,0.0%,0,0.0%,0,0.0%,14,0.3%,0,0.0%,0,0.0%,0,0.0%,11,0.2%,0,0.0%,0,0.0%,0,0.0%,0,0.0%,9,0.1%,0,0.0%,0,0.0%,0,0.0%,0,0.0%,0,0.0%,0,0.0%,0,0.0%,0,0.0%,0,0.0%,11,0.1%,0,0.0%,0,0.0%,0,0.0%,0,0.0%,0,0.0%,43,0.9%,0,0.0%,10,0.3%,0,0.0%,0,0.0%,0,0.0%,0,0.0%,20,0.5%,9,0.8%,0,0.0%,23,0.4%,0,0.0%,0,0.0%,0,0.0%,5,0.1%,23,1.6%,33,0.1%,0,0.0%,0,0.0%,0,0.0%,0,0.0%,0,0.0%,0,0.0%,0,0.0%,0,,0,0.0%,0,0.0%,0,0.0%,43,1.4%,0,0.0%,0,0.0%,14,0.5%,61,0.7%,0,0.0%,0,0.0%,0,0.0%,0,0.0%,0,0.0%,0,0.0%,0,0.0%,18,1.9%,0,0.0%,17,0.3%,0,0.0%,0,0.0%,0,0.0%,0,0.0%,0,0.0%,0,0.0%,9,0.9%,0,0.0%,0,0.0%,0,0.0%,0,0.0%,0,0.0%,0,0.0%,0,0.0%,0,0.0%,0,0.0%,63,0.9%,469,0.5%,0,0.0%,0,0.0%,0,0.0%,0,0.0%,14,0.1%,0,0.0%,0,0.0%,0,0.0%,99,1.3%,0,0.0%,0,0.0%,40,0.4%,0,0.0%,0,0.0%,0,0.0%,0,0.0%,0,0.0%,4,0.0%,142,0.8%,12,0.9%,0,0.0%,0,0.0%,0,0.0%,0,0.0%,0,0.0%,0,0.0%,0,0.0%,11,0.3%,"1,246",0.6%,414,0.3%,15,0.1%,0,0.0%,0,0.0%,42,0.2%,5,0.1%,82,0.8%,0,0.0%,9,0.0%,0,0.0%,58,0.2%,0,0.0%,13,0.8%,0,0.0%,0,0.0%,20,1.2%,0,,0,0.0%,0,0.0%,0,0.0%,0,0.0%,44,0.2%,0,0.0%,0,0.0%,0,0.0%,0,0.0%,41,2.8%,19,0.3%,7,0.0%,0,0.0%,0,0.0%,34,0.4%,0,0.0%,7,0.3%,0,0.0%,0,0.0%,"3,563",0.3%
20 To 29 Percent,183,1.1%,25,0.6%,0,0.0%,0,0.0%,0,0.0%,262,2.0%,0,0.0%,0,0.0%,32,0.6%,0,0.0%,99,3.2%,0,0.0%,12,0.3%,0,0.0%,69,1.9%,0,0.0%,520,2.0%,0,0.0%,0,0.0%,0,0.0%,0,0.0%,90,1.8%,0,0.0%,0,0.0%,0,0.0%,14,0.2%,0,0.0%,0,0.0%,26,0.3%,13,0.5%,7,0.1%,0,0.0%,16,3.9%,12,5.4%,116,0.6%,0,0.0%,0,0.0%,19,1.6%,14,1.9%,17,0.2%,65,0.5%,0,0.0%,0,0.0%,0,0.0%,19,0.3%,0,0.0%,73,1.5%,0,0.0%,22,0.6%,0,0.0%,0,0.0%,38,1.9%,0,0.0%,22,0.6%,26,2.4%,8,2.7%,19,0.4%,130,0.5%,9,6.1%,0,0.0%,95,1.5%,23,1.6%,285,1.3%,21,1.2%,0,0.0%,0,0.0%,0,0.0%,0,0.0%,19,3.0%,0,0.0%,0,,62,2.4%,0,0.0%,0,0.0%,0,0.0%,0,0.0%,0,0.0%,54,1.9%,132,1.4%,0,0.0%,0,0.0%,0,0.0%,0,0.0%,30,0.7%,0,0.0%,0,0.0%,27,2.9%,76,1.5%,24,0.5%,0,0.0%,79,4.2%,104,1.4%,0,0.0%,0,0.0%,33,0.7%,0,0.0%,37,0.9%,0,0.0%,0,0.0%,259,1.3%,11,9.0%,67,1.7%,0,0.0%,0,0.0%,63,9.4%,122,1.7%,"2,555",2.7%,31,1.1%,0,0.0%,71,1.6%,0,0.0%,132,1.1%,0,0.0%,0,0.0%,0,0.0%,122,1.6%,0,0.0%,0,0.0%,161,1.7%,46,0.8%,41,0.5%,18,1.4%,0,0.0%,0,0.0%,53,0.4%,406,2.2%,34,2.7%,41,3.5%,87,1.2%,0,0.0%,0,0.0%,0,0.0%,0,0.0%,15,0.2%,0,0.0%,"6,257",2.8%,"1,533",1.1%,174,1.2%,92,4.4%,0,0.0%,60,0.3%,229,4.1%,154,1.4%,34,0.4%,29,0.1%,111,0.9%,520,1.7%,29,6.4%,83,5.0%,0,0.0%,0,0.0%,54,3.1%,0,,0,0.0%,8,0.6%,141,1.7%,78,5.2%,94,0.3%,0,0.0%,0,0.0%,13,2.1%,10,0.8%,19,1.3%,144,2.0%,125,0.7%,23,5.2%,49,0.4%,220,2.6%,0,0.0%,92,4.0%,0,0.0%,0,0.0%,"17,788",1.6%
30 Percent or More,"2,196",13.5%,519,13.1%,100,9.6%,179,13.4%,85,26.7%,"2,562",19.2%,103,17.0%,18,11.5%,"1,115",20.8%,0,0.0%,560,18.3%,15,36.6%,560,13.8%,10,5.7%,545,15.3%,83,14.1%,"6,381",24.2%,0,0.0%,0,0.0%,17,7.9%,119,24.5%,820,16.1%,77,14.2%,88,40.0%,149,14.0%,564,8.7%,17,7.8%,0,0.0%,715,9.1%,269,10.8%,"1,050",14.4%,589,19.4%,0,0.0%,14,6.3%,"3,038",15.9%,20,14.2%,84,7.1%,176,14.5%,77,10.5%,492,6.5%,"1,371",9.8%,6,12.0%,81,33.3%,0,0.0%,491,7.8%,13,4.5%,564,11.6%,20,6.3%,383,9.6%,5,1.3%,0,0.0%,272,13.6%,0,0.0%,460,11.6%,157,14.5%,63,21.4%,278,5.1%,"2,004",7.2%,17,11.6%,40,53.3%,"1,051",16.1%,187,13.2%,"3,648",16.0%,230,13.4%,0,0.0%,0,0.0%,42,7.3%,23,7.0%,48,7.6%,36,33.0%,0,,350,13.5%,30,27.5%,152,10.9%,283,9.2%,20,7.8%,10,10.5%,551,19.8%,867,9.4%,0,0.0%,8,17.4%,104,5.7%,33,10.9%,285,6.8%,0,0.0%,28,7.2%,209,22.5%,658,13.3%,435,8.7%,190,6.2%,201,10.7%,737,9.6%,38,10.6%,47,32.2%,826,18.5%,142,14.8%,403,9.7%,0,0.0%,161,35.2%,"1,424",7.3%,14,11.5%,319,7.8%,0,0.0%,345,16.8%,213,31.8%,"1,072",14.8%,"20,730",21.6%,570,19.3%,101,11.5%,452,10.2%,65,11.7%,"1,087",9.2%,0,0.0%,88,21.4%,16,12.0%,933,12.2%,34,7.6%,196,9.5%,"1,930",20.9%,524,9.5%,882,10.6%,219,17.4%,0,0.0%,52,18.1%,"1,800",12.4%,"3,463",18.6%,131,10.3%,307,26.4%,"1,476",19.5%,108,27.1%,93,13.4%,0,0.0%,236,16.8%,296,4.5%,254,7.6%,"33,896",15.0%,"19,952",14.7%,"1,838",12.5%,150,7.2%,69,12.6%,"1,531",8.8%,"1,152",20.4%,"1,741",16.1%,590,7.6%,"2,546",10.2%,"2,896",23.4%,"4,408",14.4%,11,2.4%,137,8.2%,135,6.5%,55,4.8%,299,17.3%,0,,0,0.0%,282,21.8%,896,10.7%,269,17.8%,"1,982",6.7%,7,7.1%,68,6.6%,197,31.6%,100,7.9%,216,14.8%,747,10.4%,"4,592",24.4%,37,8.4%,"1,332",11.9%,"1,503",17.7%,20,10.2%,184,8.0%,22,10.5%,16,40.0%,"164,970",14.4%
"$20,000 To $34,999:","1,683",10.3%,489,12.4%,58,5.5%,173,13.0%,93,29.3%,"2,617",19.6%,83,13.7%,0,0.0%,"1,011",18.9%,0,0.0%,619,20.2%,0,0.0%,411,10.1%,20,11.4%,529,14.8%,84,14.3%,"3,225",12.2%,17,5.8%,0,0.0%,43,19.9%,45,9.3%,649,12.7%,103,18.9%,0,0.0%,189,17.8%,757,11.6%,0,0.0%,0,0.0%,621,7.9%,232,9.3%,951,13.0%,527,17.3%,42,10.3%,54,24.1%,"2,973",15.6%,0,0.0%,98,8.3%,277,22.9%,83,11.3%,353,4.7%,"1,972",14.1%,9,18.0%,17,7.0%,0,0.0%,532,8.5%,0,0.0%,985,20.2%,67,20.9%,429,10.7%,78,19.7%,0,0.0%,370,18.4%,0,0.0%,420,10.6%,168,15.6%,0,0.0%,313,5.7%,"2,462",8.8%,43,29.3%,14,18.7%,"1,424",21.8%,120,8.5%,"3,255",14.2%,270,15.7%,25,11.2%,23,7.8%,109,19.0%,70,21.3%,49,7.8%,5,4.6%,0,,181,7.0%,51,46.8%,240,17.1%,204,6.6%,28,10.9%,0,0.0%,408,14.7%,"1,262",13.7%,32,100.0%,18,39.1%,134,7.3%,59,19.5%,352,8.4%,0,0.0%,29,7.5%,197,21.2%,456,9.2%,455,9.1%,370,12.0%,87,4.6%,660,8.6%,43,12.0%,82,56.2%,978,21.9%,38,4.0%,872,21.0%,43,13.8%,97,21.2%,"1,720",8.8%,13,10.7%,454,11.2%,0,0.0%,516,25.2%,138,20.6%,"1,032",14.2%,"16,441",17.1%,452,15.3%,23,2.6%,351,7.9%,207,37.3%,"1,001",8.5%,0,0.0%,42,10.2%,21,15.8%,954,12.5%,38,8.5%,376,18.2%,"1,489",16.1%,537,9.7%,715,8.6%,241,19.1%,0,0.0%,17,5.9%,"1,752",12.0%,"3,066",16.4%,139,10.9%,223,19.2%,"1,346",17.8%,69,17.3%,94,13.5%,0,0.0%,148,10.5%,794,12.2%,325,9.7%,"23,810",10.6%,"17,011",12.5%,"2,713",18.5%,91,4.4%,58,10.6%,"1,895",10.9%,"1,173",20.8%,"1,555",14.4%,443,5.7%,"2,779",11.2%,"2,091",16.9%,"5,092",16.6%,119,26.4%,92,5.5%,189,9.2%,186,16.3%,230,13.3%,0,,12,26.7%,192,14.8%,836,10.0%,174,11.5%,"2,520",8.5%,9,9.1%,36,3.5%,101,16.2%,62,4.9%,331,22.7%,724,10.0%,"3,321",17.7%,44,10.0%,"1,559",13.9%,"1,853",21.8%,0,0.0%,335,14.5%,0,0.0%,15,37.5%,"146,099",12.8%
Less Than 20 Percent,38,0.2%,0,0.0%,0,0.0%,0,0.0%,0,0.0%,142,1.1%,0,0.0%,0,0.0%,7,0.1%,0,0.0%,0,0.0%,0,0.0%,13,0.3%,0,0.0%,0,0.0%,0,0.0%,61,0.2%,0,0.0%,0,0.0%,0,0.0%,0,0.0%,79,1.6%,0,0.0%,0,0.0%,0,0.0%,0,0.0%,0,0.0%,0,0.0%,0,0.0%,0,0.0%,84,1.2%,11,0.4%,0,0.0%,2,0.9%,41,0.2%,0,0.0%,0,0.0%,0,0.0%,0,0.0%,41,0.5%,132,1.0%,9,18.0%,0,0.0%,0,0.0%,21,0.3%,0,0.0%,10,0.2%,0,0.0%,13,0.3%,0,0.0%,0,0.0%,74,3.7%,0,0.0%,43,1.1%,45,4.2%,0,0.0%,0,0.0%,58,0.2%,0,0.0%,0,0.0%,55,0.8%,0,0.0%,41,0.2%,8,0.5%,0,0.0%,0,0.0%,0,0.0%,0,0.0%,0,0.0%,0,0.0%,0,,19,0.7%,0,0.0%,0,0.0%,0,0.0%,0,0.0%,0,0.0%,23,0.8%,23,0.3%,0,0.0%,0,0.0%,0,0.0%,0,0.0%,32,0.8%,0,0.0%,0,0.0%,27,2.9%,14,0.3%,7,0.1%,0,0.0%,0,0.0%,5,0.1%,0,0.0%,0,0.0%,8,0.2%,0,0.0%,0,0.0%,0,0.0%,0,0.0%,29,0.2%,0,0.0%,0,0.0%,0,0.0%,0,0.0%,0,0.0%,126,1.7%,734,0.8%,11,0.4%,17,1.9%,0,0.0%,0,0.0%,89,0.8%,0,0.0%,0,0.0%,0,0.0%,66,0.9%,0,0.0%,29,1.4%,90,1.0%,43,0.8%,0,0.0%,0,0.0%,0,0.0%,0,0.0%,56,0.4%,86,0.5%,0,0.0%,0,0.0%,26,0.3%,9,2.3%,0,0.0%,0,0.0%,0,0.0%,13,0.2%,0,0.0%,"1,544",0.7%,448,0.3%,49,0.3%,0,0.0%,0,0.0%,36,0.2%,50,0.9%,141,1.3%,0,0.0%,9,0.0%,61,0.5%,244,0.8%,46,10.2%,12,0.7%,0,0.0%,0,0.0%,10,0.6%,0,,0,0.0%,0,0.0%,55,0.7%,26,1.7%,44,0.2%,0,0.0%,0,0.0%,0,0.0%,0,0.0%,0,0.0%,14,0.2%,83,0.4%,0,0.0%,74,0.7%,115,1.4%,0,0.0%,36,1.6%,0,0.0%,0,0.0%,"5,707",0.5%
20 To 29 Percent,94,0.6%,0,0.0%,0,0.0%,43,3.2%,0,0.0%,69,0.5%,15,2.5%,0,0.0%,33,0.6%,0,0.0%,29,0.9%,0,0.0%,24,0.6%,0,0.0%,64,1.8%,10,1.7%,403,1.5%,0,0.0%,0,0.0%,0,0.0%,0,0.0%,17,0.3%,0,0.0%,0,0.0%,7,0.7%,6,0.1%,0,0.0%,0,0.0%,0,0.0%,0,0.0%,0,0.0%,20,0.7%,0,0.0%,3,1.3%,154,0.8%,0,0.0%,0,0.0%,7,0.6%,0,0.0%,30,0.4%,37,0.3%,0,0.0%,0,0.0%,0,0.0%,32,0.5%,0,0.0%,45,0.9%,21,6.6%,31,0.8%,0,0.0%,0,0.0%,0,0.0%,0,0.0%,0,0.0%,10,0.9%,0,0.0%,12,0.2%,83,0.3%,0,0.0%,0,0.0%,160,2.5%,52,3.7%,118,0.5%,21,1.2%,0,0.0%,0,0.0%,0,0.0%,17,5.2%,0,0.0%,0,0.0%,0,,0,0.0%,0,0.0%,0,0.0%,0,0.0%,0,0.0%,0,0.0%,47,1.7%,146,1.6%,0,0.0%,0,0.0%,0,0.0%,0,0.0%,21,0.5%,0,0.0%,14,3.6%,15,1.6%,0,0.0%,64,1.3%,0,0.0%,15,0.8%,68,0.9%,0,0.0%,0,0.0%,70,1.6%,0,0.0%,9,0.2%,0,0.0%,62,13.5%,93,0.5%,0,0.0%,0,0.0%,0,0.0%,8,0.4%,0,0.0%,84,1.2%,"1,373",1.4%,36,1.2%,0,0.0%,0,0.0%,31,5.6%,137,1.2%,0,0.0%,0,0.0%,0,0.0%,122,1.6%,0,0.0%,8,0.4%,103,1.1%,21,0.4%,20,0.2%,0,0.0%,0,0.0%,0,0.0%,59,0.4%,178,1.0%,11,0.9%,23,2.0%,97,1.3%,0,0.0%,22,3.2%,0,0.0%,0,0.0%,0,0.0%,0,0.0%,"2,938",1.3%,886,0.7%,85,0.6%,5,0.2%,0,0.0%,64,0.4%,92,1.6%,21,0.2%,0,0.0%,135,0.5%,125,1.0%,239,0.8%,0,0.0%,0,0.0%,0,0.0%,0,0.0%,0,0.0%,0,,0,0.0%,31,2.4%,73,0.9%,0,0.0%,143,0.5%,0,0.0%,0,0.0%,0,0.0%,0,0.0%,14,1.0%,77,1.1%,224,1.2%,0,0.0%,59,0.5%,165,1.9%,0,0.0%,52,2.3%,0,0.0%,0,0.0%,"10,052",0.9%
30 Percent or More,"1,551",9.5%,489,12.4%,58,5.5%,130,9.7%,93,29.3%,"2,406",18.1%,68,11.2%,0,0.0%,971,18.1%,0,0.0%,590,19.2%,0,0.0%,374,9.2%,20,11.4%,465,13.0%,74,12.6%,"2,761",10.5%,17,5.8%,0,0.0%,43,19.9%,45,9.3%,553,10.9%,103,18.9%,0,0.0%,182,17.1%,751,11.5%,0,0.0%,0,0.0%,621,7.9%,232,9.3%,867,11.9%,496,16.3%,42,10.3%,49,21.9%,"2,778",14.5%,0,0.0%,98,8.3%,270,22.3%,83,11.3%,282,3.7%,"1,803",12.9%,0,0.0%,17,7.0%,0,0.0%,479,7.6%,0,0.0%,930,19.0%,46,14.4%,385,9.6%,78,19.7%,0,0.0%,296,14.8%,0,0.0%,377,9.5%,113,10.5%,0,0.0%,301,5.5%,"2,321",8.3%,43,29.3%,14,18.7%,"1,209",18.5%,68,4.8%,"3,096",13.5%,241,14.0%,25,11.2%,23,7.8%,109,19.0%,53,16.2%,49,7.8%,5,4.6%,0,,162,6.2%,51,46.8%,240,17.1%,204,6.6%,28,10.9%,0,0.0%,338,12.2%,"1,093",11.9%,32,100.0%,18,39.1%,134,7.3%,59,19.5%,299,7.2%,0,0.0%,15,3.9%,155,16.7%,442,8.9%,384,7.7%,370,12.0%,72,3.8%,587,7.6%,43,12.0%,82,56.2%,900,20.1%,38,4.0%,863,20.7%,43,13.8%,35,7.6%,"1,598",8.2%,13,10.7%,454,11.2%,0,0.0%,508,24.8%,138,20.6%,822,11.3%,"14,334",14.9%,405,13.7%,6,0.7%,351,7.9%,176,31.7%,775,6.6%,0,0.0%,42,10.2%,21,15.8%,766,10.0%,38,8.5%,339,16.4%,"1,296",14.0%,473,8.6%,695,8.4%,241,19.1%,0,0.0%,17,5.9%,"1,637",11.3%,"2,802",15.0%,128,10.1%,200,17.2%,"1,223",16.1%,60,15.1%,72,10.4%,0,0.0%,148,10.5%,781,12.0%,325,9.7%,"19,328",8.6%,"15,677",11.5%,"2,579",17.6%,86,4.2%,58,10.6%,"1,795",10.3%,"1,031",18.3%,"1,393",12.9%,443,5.7%,"2,635",10.6%,"1,905",15.4%,"4,609",15.0%,73,16.2%,80,4.8%,189,9.2%,186,16.3%,220,12.7%,0,,12,26.7%,161,12.4%,708,8.5%,148,9.8%,"2,333",7.8%,9,9.1%,36,3.5%,101,16.2%,62,4.9%,317,21.7%,633,8.8%,"3,014",16.0%,44,10.0%,"1,426",12.7%,"1,573",18.5%,0,0.0%,247,10.7%,0,0.0%,15,37.5%,"130,340",11.4%
"$35,000 To $49,999:","1,687",10.3%,681,17.2%,221,21.1%,234,17.5%,58,18.2%,"1,595",12.0%,16,2.6%,0,0.0%,973,18.2%,0,0.0%,406,13.2%,12,29.3%,534,13.2%,10,5.7%,490,13.7%,64,10.9%,"2,899",11.0%,0,0.0%,22,22.7%,39,18.1%,72,14.8%,505,9.9%,57,10.5%,14,6.4%,195,18.4%,721,11.1%,21,9.6%,28,30.4%,744,9.5%,417,16.8%,"1,265",17.3%,564,18.5%,72,17.7%,3,1.3%,"2,777",14.5%,21,14.9%,176,14.9%,181,15.0%,70,9.5%,307,4.1%,"1,857",13.3%,6,12.0%,70,28.8%,0,0.0%,499,7.9%,34,11.6%,852,17.4%,28,8.8%,544,13.6%,92,23.2%,172,41.2%,199,9.9%,24,14.8%,256,6.4%,82,7.6%,46,15.6%,214,3.9%,"2,406",8.6%,8,5.4%,11,14.7%,823,12.6%,153,10.8%,"3,399",14.9%,187,10.9%,6,2.7%,0,0.0%,106,18.4%,16,4.9%,91,14.4%,43,39.5%,0,,420,16.2%,8,7.3%,232,16.6%,423,13.7%,36,14.1%,36,37.9%,232,8.4%,"1,276",13.9%,0,0.0%,0,0.0%,68,3.7%,12,4.0%,328,7.9%,0,0.0%,46,11.9%,209,22.5%,674,13.6%,423,8.5%,337,10.9%,189,10.1%,806,10.5%,76,21.2%,0,0.0%,953,21.3%,95,9.9%,497,11.9%,0,0.0%,43,9.4%,"1,656",8.5%,33,27.1%,523,12.9%,12,25.0%,253,12.3%,74,11.0%,"1,072",14.8%,"12,315",12.8%,328,11.1%,90,10.3%,534,12.0%,40,7.2%,751,6.4%,0,0.0%,117,28.4%,60,45.1%,911,11.9%,37,8.3%,273,13.2%,940,10.2%,502,9.1%,727,8.7%,150,11.9%,0,0.0%,16,5.6%,"1,662",11.4%,"3,027",16.2%,160,12.6%,196,16.8%,"1,126",14.9%,72,18.1%,250,36.0%,4,5.1%,117,8.3%,575,8.8%,336,10.0%,"18,148",8.1%,"16,135",11.9%,"2,483",16.9%,263,12.7%,102,18.6%,"2,176",12.5%,"1,084",19.2%,"1,530",14.2%,692,9.0%,"2,052",8.3%,"1,464",11.8%,"5,631",18.4%,29,6.4%,175,10.5%,175,8.5%,89,7.8%,317,18.3%,0,,0,0.0%,157,12.1%,863,10.3%,98,6.5%,"2,109",7.1%,10,10.1%,90,8.7%,61,9.8%,51,4.0%,144,9.9%,743,10.3%,"2,668",14.2%,9,2.0%,"1,010",9.0%,"1,846",21.7%,9,4.6%,270,11.7%,0,0.0%,0,0.0%,"129,416",11.3%
Less Than 20 Percent,62,0.4%,0,0.0%,0,0.0%,0,0.0%,17,5.4%,59,0.4%,0,0.0%,0,0.0%,15,0.3%,0,0.0%,0,0.0%,0,0.0%,0,0.0%,0,0.0%,11,0.3%,15,2.6%,195,0.7%,0,0.0%,0,0.0%,0,0.0%,0,0.0%,0,0.0%,0,0.0%,0,0.0%,0,0.0%,0,0.0%,0,0.0%,0,0.0%,11,0.1%,19,0.8%,22,0.3%,0,0.0%,0,0.0%,0,0.0%,65,0.3%,0,0.0%,0,0.0%,0,0.0%,0,0.0%,15,0.2%,35,0.3%,0,0.0%,0,0.0%,0,0.0%,10,0.2%,0,0.0%,0,0.0%,0,0.0%,11,0.3%,0,0.0%,0,0.0%,0,0.0%,0,0.0%,24,0.6%,7,0.7%,0,0.0%,0,0.0%,85,0.3%,0,0.0%,0,0.0%,80,1.2%,0,0.0%,49,0.2%,0,0.0%,0,0.0%,0,0.0%,0,0.0%,0,0.0%,0,0.0%,0,0.0%,0,,50,1.9%,0,0.0%,9,0.6%,0,0.0%,0,0.0%,0,0.0%,28,1.0%,78,0.9%,0,0.0%,0,0.0%,0,0.0%,0,0.0%,9,0.2%,0,0.0%,0,0.0%,47,5.1%,10,0.2%,15,0.3%,0,0.0%,20,1.1%,13,0.2%,0,0.0%,0,0.0%,35,0.8%,0,0.0%,0,0.0%,0,0.0%,0,0.0%,0,0.0%,0,0.0%,0,0.0%,0,0.0%,0,0.0%,18,2.7%,50,0.7%,827,0.9%,0,0.0%,52,5.9%,26,0.6%,7,1.3%,82,0.7%,0,0.0%,0,0.0%,18,13.5%,134,1.8%,0,0.0%,8,0.4%,67,0.7%,0,0.0%,0,0.0%,0,0.0%,0,0.0%,0,0.0%,58,0.4%,131,0.7%,0,0.0%,35,3.0%,42,0.6%,0,0.0%,0,0.0%,0,0.0%,0,0.0%,0,0.0%,6,0.2%,"2,349",1.0%,637,0.5%,78,0.5%,0,0.0%,0,0.0%,11,0.1%,56,1.0%,149,1.4%,0,0.0%,28,0.1%,38,0.3%,266,0.9%,29,6.4%,48,2.9%,0,0.0%,13,1.1%,12,0.7%,0,,0,0.0%,0,0.0%,0,0.0%,0,0.0%,58,0.2%,0,0.0%,0,0.0%,0,0.0%,19,1.5%,0,0.0%,8,0.1%,112,0.6%,0,0.0%,17,0.2%,35,0.4%,0,0.0%,14,0.6%,0,0.0%,0,0.0%,"6,659",0.6%
20 To 29 Percent,369,2.3%,16,0.4%,17,1.6%,66,4.9%,8,2.5%,306,2.3%,0,0.0%,0,0.0%,385,7.2%,0,0.0%,75,2.4%,0,0.0%,0,0.0%,0,0.0%,51,1.4%,6,1.0%,675,2.6%,0,0.0%,0,0.0%,17,7.9%,0,0.0%,89,1.8%,8,1.5%,14,6.4%,23,2.2%,154,2.4%,0,0.0%,0,0.0%,71,0.9%,14,0.6%,76,1.0%,53,1.7%,0,0.0%,0,0.0%,485,2.5%,0,0.0%,0,0.0%,0,0.0%,28,3.8%,15,0.2%,60,0.4%,0,0.0%,0,0.0%,0,0.0%,21,0.3%,0,0.0%,139,2.9%,0,0.0%,54,1.4%,0,0.0%,0,0.0%,63,3.1%,0,0.0%,42,1.1%,0,0.0%,23,7.8%,0,0.0%,212,0.8%,0,0.0%,0,0.0%,56,0.9%,29,2.1%,488,2.1%,21,1.2%,0,0.0%,0,0.0%,0,0.0%,0,0.0%,34,5.4%,19,17.4%,0,,127,4.9%,0,0.0%,53,3.8%,14,0.5%,5,2.0%,36,37.9%,52,1.9%,100,1.1%,0,0.0%,0,0.0%,0,0.0%,0,0.0%,40,1.0%,0,0.0%,46,11.9%,10,1.1%,46,0.9%,17,0.3%,50,1.6%,0,0.0%,57,0.7%,0,0.0%,0,0.0%,281,6.3%,0,0.0%,95,2.3%,0,0.0%,0,0.0%,123,0.6%,0,0.0%,20,0.5%,0,0.0%,64,3.1%,18,2.7%,67,0.9%,"3,799",4.0%,164,5.5%,0,0.0%,16,0.4%,0,0.0%,174,1.5%,0,0.0%,36,8.7%,42,31.6%,81,1.1%,0,0.0%,42,2.0%,84,0.9%,0,0.0%,85,1.0%,43,3.4%,0,0.0%,0,0.0%,159,1.1%,863,4.6%,28,2.2%,59,5.1%,156,2.1%,0,0.0%,69,9.9%,0,0.0%,0,0.0%,79,1.2%,41,1.2%,"3,863",1.7%,"1,924",1.4%,563,3.8%,100,4.8%,0,0.0%,238,1.4%,246,4.4%,109,1.0%,85,1.1%,149,0.6%,192,1.6%,"1,299",4.2%,0,0.0%,0,0.0%,33,1.6%,15,1.3%,47,2.7%,0,,0,0.0%,33,2.6%,74,0.9%,22,1.5%,172,0.6%,0,0.0%,0,0.0%,0,0.0%,0,0.0%,0,0.0%,32,0.4%,617,3.3%,0,0.0%,101,0.9%,198,2.3%,0,0.0%,33,1.4%,0,0.0%,0,0.0%,"21,768",1.9%
30 Percent or More,"1,256",7.7%,665,16.8%,204,19.5%,168,12.6%,33,10.4%,"1,230",9.2%,16,2.6%,0,0.0%,573,10.7%,0,0.0%,331,10.8%,12,29.3%,534,13.2%,10,5.7%,428,12.0%,43,7.3%,"2,029",7.7%,0,0.0%,22,22.7%,22,10.2%,72,14.8%,416,8.2%,49,9.0%,0,0.0%,172,16.2%,567,8.7%,21,9.6%,28,30.4%,662,8.4%,384,15.4%,"1,167",16.0%,511,16.8%,72,17.7%,3,1.3%,"2,227",11.7%,21,14.9%,176,14.9%,181,15.0%,42,5.7%,277,3.7%,"1,762",12.6%,6,12.0%,70,28.8%,0,0.0%,468,7.4%,34,11.6%,713,14.6%,28,8.8%,479,12.0%,92,23.2%,172,41.2%,136,6.8%,24,14.8%,190,4.8%,75,6.9%,23,7.8%,214,3.9%,"2,109",7.5%,8,5.4%,11,14.7%,687,10.5%,124,8.8%,"2,862",12.5%,166,9.7%,6,2.7%,0,0.0%,106,18.4%,16,4.9%,57,9.0%,24,22.0%,0,,243,9.4%,8,7.3%,170,12.1%,409,13.3%,31,12.1%,0,0.0%,152,5.5%,"1,098",11.9%,0,0.0%,0,0.0%,68,3.7%,12,4.0%,279,6.7%,0,0.0%,0,0.0%,152,16.4%,618,12.4%,391,7.9%,287,9.3%,169,9.0%,736,9.6%,76,21.2%,0,0.0%,637,14.2%,95,9.9%,402,9.7%,0,0.0%,43,9.4%,"1,533",7.9%,33,27.1%,503,12.4%,12,25.0%,189,9.2%,38,5.7%,955,13.2%,"7,689",8.0%,164,5.5%,38,4.3%,492,11.1%,33,6.0%,495,4.2%,0,0.0%,81,19.7%,0,0.0%,696,9.1%,37,8.3%,223,10.8%,789,8.6%,502,9.1%,642,7.7%,107,8.5%,0,0.0%,16,5.6%,"1,445",9.9%,"2,033",10.9%,132,10.4%,102,8.8%,928,12.2%,72,18.1%,181,26.0%,4,5.1%,117,8.3%,496,7.6%,289,8.6%,"11,936",5.3%,"13,574",10.0%,"1,842",12.6%,163,7.9%,102,18.6%,"1,927",11.0%,782,13.9%,"1,272",11.8%,607,7.9%,"1,875",7.5%,"1,234",10.0%,"4,066",13.3%,0,0.0%,127,7.6%,142,6.9%,61,5.3%,258,14.9%,0,,0,0.0%,124,9.6%,789,9.5%,76,5.0%,"1,879",6.3%,10,10.1%,90,8.7%,61,9.8%,32,2.5%,144,9.9%,703,9.8%,"1,939",10.3%,9,2.0%,892,8.0%,"1,613",19.0%,9,4.6%,223,9.6%,0,0.0%,0,0.0%,"100,989",8.8%
"$50,000 To $74,999:","3,248",19.9%,623,15.7%,257,24.6%,216,16.2%,62,19.5%,"2,512",18.8%,119,19.6%,98,62.4%,840,15.7%,0,0.0%,672,21.9%,0,0.0%,607,15.0%,14,8.0%,610,17.1%,172,29.3%,"3,858",14.6%,12,4.1%,10,10.3%,49,22.7%,33,6.8%,765,15.0%,69,12.7%,17,7.7%,163,15.4%,837,12.8%,55,25.2%,35,38.0%,"1,358",17.3%,369,14.8%,"1,483",20.3%,518,17.0%,14,3.5%,29,13.0%,"4,136",21.6%,35,24.8%,163,13.8%,274,22.6%,135,18.3%,688,9.1%,"2,821",20.2%,13,26.0%,12,4.9%,18,100.0%,745,11.8%,9,3.1%,880,18.0%,75,23.4%,723,18.1%,79,19.9%,78,18.7%,334,16.6%,17,10.5%,832,20.9%,168,15.6%,50,17.0%,365,6.7%,"3,836",13.7%,21,14.3%,0,0.0%,968,14.8%,155,11.0%,"4,963",21.7%,233,13.6%,16,7.1%,13,4.4%,170,29.6%,18,5.5%,117,18.5%,0,0.0%,0,,276,10.6%,0,0.0%,332,23.7%,468,15.2%,12,4.7%,0,0.0%,526,18.9%,"1,611",17.5%,0,0.0%,8,17.4%,56,3.1%,46,15.2%,813,19.5%,4,7.6%,20,5.2%,71,7.7%,813,16.4%,691,13.9%,601,19.5%,178,9.5%,"1,386",18.0%,11,3.1%,0,0.0%,746,16.7%,165,17.2%,604,14.5%,17,5.5%,84,18.3%,"2,735",14.1%,31,25.4%,708,17.4%,0,0.0%,327,16.0%,48,7.2%,"1,176",16.2%,"15,798",16.5%,541,18.3%,19,2.2%,682,15.4%,147,26.5%,"1,479",12.6%,19,100.0%,50,12.1%,10,7.5%,"1,396",18.3%,46,10.3%,504,24.4%,"1,881",20.4%,"1,406",25.5%,"1,090",13.1%,286,22.7%,0,0.0%,0,0.0%,"2,393",16.4%,"3,330",17.8%,202,15.9%,159,13.7%,"1,636",21.6%,55,13.8%,118,17.0%,0,0.0%,220,15.6%,"1,192",18.3%,655,19.6%,"27,992",12.4%,"21,880",16.1%,"3,112",21.2%,484,23.4%,59,10.7%,"2,727",15.6%,"1,096",19.4%,"1,671",15.5%,"1,207",15.6%,"3,091",12.4%,"1,799",14.5%,"5,972",19.5%,22,4.9%,43,2.6%,243,11.8%,163,14.3%,255,14.8%,0,,0,0.0%,128,9.9%,"1,853",22.2%,249,16.5%,"3,454",11.6%,33,33.3%,42,4.1%,57,9.2%,111,8.7%,400,27.4%,"1,452",20.1%,"3,079",16.4%,105,23.8%,"2,086",18.6%,"1,590",18.7%,0,0.0%,382,16.5%,30,14.4%,9,22.5%,"179,638",15.7%
Less Than 20 Percent,293,1.8%,28,0.7%,27,2.6%,16,1.2%,12,3.8%,240,1.8%,10,1.7%,0,0.0%,65,1.2%,0,0.0%,33,1.1%,0,0.0%,66,1.6%,0,0.0%,22,0.6%,0,0.0%,475,1.8%,0,0.0%,0,0.0%,0,0.0%,0,0.0%,14,0.3%,26,4.8%,0,0.0%,45,4.2%,41,0.6%,0,0.0%,0,0.0%,63,0.8%,0,0.0%,56,0.8%,28,0.9%,0,0.0%,0,0.0%,402,2.1%,0,0.0%,15,1.3%,27,2.2%,42,5.7%,13,0.2%,83,0.6%,7,14.0%,0,0.0%,18,100.0%,0,0.0%,0,0.0%,124,2.5%,0,0.0%,115,2.9%,8,2.0%,0,0.0%,7,0.4%,9,5.6%,108,2.7%,11,1.0%,22,7.5%,11,0.2%,117,0.4%,0,0.0%,0,0.0%,42,0.6%,30,2.1%,722,3.2%,11,0.6%,0,0.0%,0,0.0%,23,4.0%,7,2.1%,10,1.6%,0,0.0%,0,,10,0.4%,0,0.0%,33,2.4%,0,0.0%,0,0.0%,0,0.0%,0,0.0%,112,1.2%,0,0.0%,0,0.0%,0,0.0%,32,10.6%,0,0.0%,0,0.0%,0,0.0%,37,4.0%,57,1.2%,9,0.2%,12,0.4%,0,0.0%,92,1.2%,0,0.0%,0,0.0%,127,2.8%,0,0.0%,43,1.0%,0,0.0%,0,0.0%,103,0.5%,31,25.4%,45,1.1%,0,0.0%,39,1.9%,0,0.0%,20,0.3%,"2,992",3.1%,92,3.1%,0,0.0%,6,0.1%,37,6.7%,106,0.9%,0,0.0%,0,0.0%,0,0.0%,175,2.3%,0,0.0%,61,3.0%,134,1.5%,89,1.6%,151,1.8%,40,3.2%,0,0.0%,0,0.0%,119,0.8%,654,3.5%,0,0.0%,46,4.0%,129,1.7%,0,0.0%,0,0.0%,0,0.0%,29,2.1%,135,2.1%,0,0.0%,"4,723",2.1%,"1,985",1.5%,496,3.4%,43,2.1%,9,1.6%,66,0.4%,171,3.0%,23,0.2%,30,0.4%,197,0.8%,134,1.1%,814,2.7%,0,0.0%,0,0.0%,0,0.0%,16,1.4%,19,1.1%,0,,0,0.0%,0,0.0%,132,1.6%,20,1.3%,132,0.4%,0,0.0%,0,0.0%,0,0.0%,15,1.2%,13,0.9%,9,0.1%,563,3.0%,10,2.3%,122,1.1%,271,3.2%,0,0.0%,21,0.9%,5,2.4%,9,22.5%,"19,389",1.7%
20 To 29 Percent,"1,515",9.3%,232,5.9%,56,5.4%,49,3.7%,17,5.4%,977,7.3%,54,8.9%,66,42.0%,393,7.3%,0,0.0%,312,10.2%,0,0.0%,85,2.1%,4,2.3%,253,7.1%,58,9.9%,"1,593",6.0%,12,4.1%,0,0.0%,23,10.7%,15,3.1%,105,2.1%,13,2.4%,0,0.0%,54,5.1%,303,4.7%,20,9.2%,0,0.0%,381,4.9%,196,7.9%,853,11.7%,354,11.6%,0,0.0%,14,6.3%,"2,117",11.1%,18,12.8%,54,4.6%,129,10.7%,93,12.6%,37,0.5%,866,6.2%,6,12.0%,0,0.0%,0,0.0%,58,0.9%,0,0.0%,194,4.0%,24,7.5%,296,7.4%,9,2.3%,39,9.3%,181,9.0%,0,0.0%,237,6.0%,16,1.5%,0,0.0%,75,1.4%,983,3.5%,0,0.0%,0,0.0%,282,4.3%,49,3.5%,"2,025",8.9%,137,8.0%,0,0.0%,0,0.0%,14,2.4%,6,1.8%,49,7.8%,0,0.0%,0,,74,2.9%,0,0.0%,87,6.2%,96,3.1%,12,4.7%,0,0.0%,155,5.6%,532,5.8%,0,0.0%,0,0.0%,19,1.0%,0,0.0%,301,7.2%,0,0.0%,0,0.0%,0,0.0%,304,6.1%,206,4.1%,218,7.1%,65,3.5%,294,3.8%,0,0.0%,0,0.0%,243,5.4%,14,1.5%,198,4.8%,17,5.5%,32,7.0%,863,4.4%,0,0.0%,194,4.8%,0,0.0%,56,2.7%,15,2.2%,368,5.1%,"7,477",7.8%,215,7.3%,0,0.0%,223,5.0%,64,11.5%,384,3.3%,19,100.0%,33,8.0%,10,7.5%,431,5.6%,24,5.4%,172,8.3%,659,7.1%,524,9.5%,246,3.0%,149,11.8%,0,0.0%,0,0.0%,681,4.7%,"1,346",7.2%,13,1.0%,71,6.1%,623,8.2%,20,5.0%,45,6.5%,0,0.0%,52,3.7%,351,5.4%,254,7.6%,"8,847",3.9%,"7,038",5.2%,"1,759",12.0%,242,11.7%,23,4.2%,610,3.5%,593,10.5%,617,5.7%,255,3.3%,896,3.6%,778,6.3%,"2,586",8.4%,0,0.0%,10,0.6%,14,0.7%,61,5.3%,107,6.2%,0,,0,0.0%,73,5.6%,546,6.5%,87,5.8%,"1,036",3.5%,15,15.2%,8,0.8%,0,0.0%,20,1.6%,216,14.8%,345,4.8%,"1,169",6.2%,95,21.5%,831,7.4%,605,7.1%,0,0.0%,150,6.5%,21,10.1%,0,0.0%,"64,103",5.6%
30 Percent or More,"1,440",8.8%,363,9.2%,174,16.6%,151,11.3%,33,10.4%,"1,295",9.7%,55,9.1%,32,20.4%,382,7.1%,0,0.0%,327,10.7%,0,0.0%,456,11.2%,10,5.7%,335,9.4%,114,19.4%,"1,790",6.8%,0,0.0%,10,10.3%,26,12.0%,18,3.7%,646,12.7%,30,5.5%,17,7.7%,64,6.0%,493,7.6%,35,16.1%,35,38.0%,914,11.6%,173,7.0%,574,7.9%,136,4.5%,14,3.5%,15,6.7%,"1,617",8.5%,17,12.1%,94,7.9%,118,9.7%,0,0.0%,638,8.4%,"1,872",13.4%,0,0.0%,12,4.9%,0,0.0%,687,10.9%,9,3.1%,562,11.5%,51,15.9%,312,7.8%,62,15.6%,39,9.3%,146,7.3%,8,4.9%,487,12.3%,141,13.1%,28,9.5%,279,5.1%,"2,736",9.8%,21,14.3%,0,0.0%,644,9.9%,76,5.4%,"2,216",9.7%,85,4.9%,16,7.1%,13,4.4%,133,23.1%,5,1.5%,58,9.2%,0,0.0%,0,,192,7.4%,0,0.0%,212,15.1%,372,12.1%,0,0.0%,0,0.0%,371,13.4%,967,10.5%,0,0.0%,8,17.4%,37,2.0%,14,4.6%,512,12.3%,4,7.6%,20,5.2%,34,3.7%,452,9.1%,476,9.6%,371,12.1%,113,6.0%,"1,000",13.0%,11,3.1%,0,0.0%,376,8.4%,151,15.7%,363,8.7%,0,0.0%,52,11.4%,"1,769",9.1%,0,0.0%,469,11.5%,0,0.0%,232,11.3%,33,4.9%,788,10.9%,"5,329",5.6%,234,7.9%,19,2.2%,453,10.2%,46,8.3%,989,8.4%,0,0.0%,17,4.1%,0,0.0%,790,10.3%,22,4.9%,271,13.1%,"1,088",11.8%,793,14.4%,693,8.3%,97,7.7%,0,0.0%,0,0.0%,"1,593",10.9%,"1,330",7.1%,189,14.9%,42,3.6%,884,11.7%,35,8.8%,73,10.5%,0,0.0%,139,9.9%,706,10.8%,401,12.0%,"14,422",6.4%,"12,857",9.4%,857,5.9%,199,9.6%,27,4.9%,"2,051",11.8%,332,5.9%,"1,031",9.5%,922,11.9%,"1,998",8.0%,887,7.2%,"2,572",8.4%,22,4.9%,33,2.0%,229,11.1%,86,7.5%,129,7.5%,0,,0,0.0%,55,4.3%,"1,175",14.1%,142,9.4%,"2,286",7.7%,18,18.2%,34,3.3%,57,9.2%,76,6.0%,171,11.7%,"1,098",15.2%,"1,347",7.2%,0,0.0%,"1,133",10.1%,714,8.4%,0,0.0%,211,9.1%,4,1.9%,0,0.0%,"96,146",8.4%
"$75,000 or More:","6,428",39.4%,"1,452",36.7%,364,34.8%,482,36.1%,13,4.1%,"3,312",24.8%,286,47.1%,41,26.1%,"1,182",22.1%,118,71.1%,447,14.6%,0,0.0%,"1,804",44.5%,119,67.6%,"1,071",30.0%,119,20.3%,"7,724",29.3%,235,80.8%,65,67.0%,41,19.0%,168,34.6%,"2,120",41.6%,238,43.8%,14,6.4%,316,29.8%,"3,301",50.7%,107,49.1%,29,31.5%,"4,150",52.8%,"1,133",45.5%,"2,251",30.8%,820,26.9%,210,51.7%,94,42.0%,"5,381",28.2%,65,46.1%,639,53.9%,275,22.7%,297,40.4%,"5,381",70.9%,"5,197",37.2%,16,32.0%,51,21.0%,0,0.0%,"3,862",61.4%,171,58.6%,"1,357",27.8%,112,35.0%,"1,683",42.1%,85,21.4%,168,40.2%,666,33.2%,107,66.1%,"1,779",44.8%,419,38.8%,121,41.0%,"4,122",75.5%,"16,292",58.2%,42,28.6%,0,0.0%,"1,971",30.1%,737,52.2%,"6,431",28.1%,748,43.5%,157,70.1%,181,61.4%,125,21.7%,183,55.8%,288,45.6%,20,18.4%,0,,"1,228",47.3%,20,18.4%,369,26.4%,"1,506",48.9%,131,51.2%,49,51.6%,886,31.9%,"3,494",37.9%,0,0.0%,12,26.1%,"1,235",67.4%,126,41.7%,"2,254",53.9%,43,81.1%,251,64.7%,154,16.6%,"2,106",42.4%,"2,670",53.6%,"1,429",46.4%,"1,074",57.2%,"3,647",47.3%,150,41.8%,17,11.6%,671,15.0%,461,47.9%,"1,541",37.0%,251,80.7%,50,10.9%,"10,967",56.4%,11,9.0%,"1,876",46.1%,22,45.8%,609,29.7%,82,12.2%,"2,452",33.8%,"23,789",24.8%,847,28.6%,561,64.0%,"2,133",48.1%,96,17.3%,"6,640",56.4%,0,0.0%,89,21.6%,26,19.6%,"2,766",36.2%,241,53.8%,614,29.7%,"2,386",25.9%,"2,308",41.9%,"4,654",55.9%,307,24.4%,90,100.0%,186,64.6%,"6,464",44.4%,"4,242",22.7%,571,44.9%,144,12.4%,"1,633",21.6%,82,20.6%,112,16.1%,75,94.9%,631,44.8%,"3,380",51.9%,"1,601",47.8%,"104,061",46.2%,"54,521",40.0%,"3,669",25.0%,845,40.8%,230,41.8%,"8,657",49.6%,793,14.1%,"3,500",32.4%,"4,643",60.1%,"13,805",55.5%,"3,254",26.2%,"8,055",26.2%,231,51.2%,955,57.4%,"1,259",61.0%,602,52.6%,459,26.6%,0,,33,73.3%,425,32.8%,"3,354",40.2%,592,39.1%,"18,592",62.5%,32,32.3%,724,70.2%,154,24.7%,847,66.6%,292,20.0%,"2,988",41.5%,"4,433",23.6%,197,44.7%,"4,799",42.9%,"1,255",14.8%,138,70.4%,917,39.7%,105,50.2%,0,0.0%,"457,311",39.9%
Less Than 20 Percent,"3,717",22.8%,778,19.6%,214,20.4%,232,17.4%,13,4.1%,"1,459",10.9%,217,35.8%,0,0.0%,568,10.6%,101,60.8%,304,9.9%,0,0.0%,"1,023",25.2%,79,44.9%,525,14.7%,69,11.8%,"4,357",16.5%,65,22.3%,30,30.9%,20,9.3%,94,19.3%,"1,024",20.1%,45,8.3%,0,0.0%,208,19.6%,"1,903",29.2%,18,8.3%,11,12.0%,"1,748",22.3%,331,13.3%,"1,193",16.3%,568,18.7%,74,18.2%,64,28.6%,"3,135",16.4%,65,46.1%,195,16.5%,171,14.1%,239,32.5%,"2,561",33.8%,"2,190",15.7%,9,18.0%,14,5.8%,0,0.0%,"1,604",25.5%,105,36.0%,511,10.5%,54,16.9%,942,23.5%,30,7.6%,24,5.7%,317,15.8%,99,61.1%,"1,007",25.4%,230,21.3%,50,17.0%,"1,735",31.8%,"7,425",26.5%,7,4.8%,0,0.0%,"1,009",15.4%,255,18.1%,"3,412",14.9%,278,16.2%,95,42.4%,147,49.8%,86,15.0%,111,33.8%,115,18.2%,5,4.6%,0,,566,21.8%,9,8.3%,199,14.2%,720,23.4%,36,14.1%,38,40.0%,350,12.6%,"1,589",17.3%,0,0.0%,0,0.0%,745,40.7%,90,29.8%,"1,126",26.9%,28,52.8%,109,28.1%,49,5.3%,955,19.2%,"1,433",28.8%,858,27.9%,473,25.2%,"1,423",18.5%,102,28.4%,17,11.6%,404,9.0%,310,32.2%,633,15.2%,116,37.3%,50,10.9%,"6,120",31.5%,0,0.0%,923,22.7%,22,45.8%,285,13.9%,65,9.7%,"1,035",14.3%,"14,586",15.2%,383,12.9%,373,42.6%,885,20.0%,50,9.0%,"3,828",32.5%,0,0.0%,55,13.4%,0,0.0%,"1,546",20.2%,96,21.4%,363,17.6%,"1,291",14.0%,972,17.6%,"2,035",24.5%,236,18.7%,90,100.0%,121,42.0%,"2,661",18.3%,"2,212",11.9%,161,12.7%,52,4.5%,759,10.0%,42,10.6%,43,6.2%,57,72.2%,311,22.1%,"1,424",21.9%,839,25.0%,"60,882",27.0%,"24,912",18.3%,"2,164",14.8%,388,18.7%,101,18.4%,"3,936",22.6%,492,8.7%,"1,602",14.8%,"1,817",23.5%,"7,504",30.2%,"1,281",10.3%,"3,921",12.8%,66,14.6%,526,31.6%,585,28.3%,306,26.8%,277,16.0%,0,,33,73.3%,114,8.8%,"1,766",21.2%,334,22.1%,"10,326",34.7%,24,24.2%,404,39.2%,125,20.1%,494,38.8%,215,14.7%,"1,488",20.6%,"2,789",14.8%,102,23.1%,"2,581",23.1%,558,6.6%,87,44.4%,301,13.0%,100,47.9%,0,0.0%,"238,234",20.8%
20 To 29 Percent,"2,124",13.0%,494,12.5%,117,11.2%,188,14.1%,0,0.0%,"1,547",11.6%,32,5.3%,20,12.7%,570,10.7%,5,3.0%,120,3.9%,0,0.0%,607,15.0%,16,9.1%,493,13.8%,50,8.5%,"2,537",9.6%,71,24.4%,0,0.0%,21,9.7%,33,6.8%,638,12.5%,74,13.6%,14,6.4%,108,10.2%,"1,154",17.7%,54,24.8%,0,0.0%,"1,953",24.9%,590,23.7%,845,11.6%,246,8.1%,91,22.4%,22,9.8%,"1,835",9.6%,0,0.0%,302,25.5%,76,6.3%,58,7.9%,"1,936",25.5%,"2,186",15.7%,7,14.0%,37,15.2%,0,0.0%,"1,557",24.7%,57,19.5%,592,12.1%,22,6.9%,596,14.9%,48,12.1%,114,27.3%,294,14.7%,8,4.9%,526,13.2%,137,12.7%,59,20.0%,"1,584",29.0%,"6,964",24.9%,35,23.8%,0,0.0%,643,9.8%,264,18.7%,"2,218",9.7%,291,16.9%,54,24.1%,23,7.8%,30,5.2%,54,16.5%,149,23.6%,0,0.0%,0,,475,18.3%,0,0.0%,144,10.3%,607,19.7%,95,37.1%,0,0.0%,411,14.8%,"1,301",14.1%,0,0.0%,12,26.1%,234,12.8%,32,10.6%,786,18.8%,11,20.8%,37,9.5%,90,9.7%,"1,026",20.7%,890,17.9%,341,11.1%,384,20.5%,"1,853",24.1%,37,10.3%,0,0.0%,185,4.1%,108,11.2%,732,17.6%,93,29.9%,0,0.0%,"3,666",18.9%,0,0.0%,740,18.2%,0,0.0%,230,11.2%,17,2.5%,"1,025",14.1%,"7,415",7.7%,357,12.1%,55,6.3%,"1,088",24.5%,46,8.3%,"1,643",14.0%,0,0.0%,22,5.3%,26,19.6%,871,11.4%,128,28.6%,189,9.2%,977,10.6%,"1,079",19.6%,"1,907",22.9%,60,4.8%,0,0.0%,47,16.3%,"2,709",18.6%,"1,658",8.9%,301,23.7%,58,5.0%,664,8.8%,40,10.1%,40,5.8%,4,5.1%,260,18.5%,"1,337",20.5%,570,17.0%,"31,106",13.8%,"21,658",15.9%,"1,254",8.6%,376,18.2%,106,19.3%,"3,491",20.0%,246,4.4%,"1,459",13.5%,"1,761",22.8%,"4,575",18.4%,"1,352",10.9%,"3,243",10.6%,152,33.7%,314,18.9%,473,22.9%,211,18.4%,111,6.4%,0,,0,0.0%,243,18.8%,"1,270",15.2%,182,12.0%,"6,298",21.2%,8,8.1%,201,19.5%,29,4.7%,202,15.9%,65,4.5%,"1,184",16.4%,"1,436",7.6%,74,16.8%,"1,864",16.7%,503,5.9%,32,16.3%,411,17.8%,5,2.4%,0,0.0%,"162,598",14.2%
30 Percent or More,587,3.6%,180,4.5%,33,3.2%,62,4.6%,0,0.0%,306,2.3%,37,6.1%,21,13.4%,44,0.8%,12,7.2%,23,0.8%,0,0.0%,174,4.3%,24,13.6%,53,1.5%,0,0.0%,830,3.2%,99,34.0%,35,36.1%,0,0.0%,41,8.4%,458,9.0%,119,21.9%,0,0.0%,0,0.0%,244,3.7%,35,16.1%,18,19.6%,449,5.7%,212,8.5%,213,2.9%,6,0.2%,45,11.1%,8,3.6%,411,2.2%,0,0.0%,142,12.0%,28,2.3%,0,0.0%,884,11.7%,821,5.9%,0,0.0%,0,0.0%,0,0.0%,701,11.1%,9,3.1%,254,5.2%,36,11.3%,145,3.6%,7,1.8%,30,7.2%,55,2.7%,0,0.0%,246,6.2%,52,4.8%,12,4.1%,803,14.7%,"1,903",6.8%,0,0.0%,0,0.0%,319,4.9%,218,15.4%,801,3.5%,179,10.4%,8,3.6%,11,3.7%,9,1.6%,18,5.5%,24,3.8%,15,13.8%,0,,187,7.2%,11,10.1%,26,1.9%,179,5.8%,0,0.0%,11,11.6%,125,4.5%,604,6.6%,0,0.0%,0,0.0%,256,14.0%,4,1.3%,342,8.2%,4,7.6%,105,27.1%,15,1.6%,125,2.5%,347,7.0%,230,7.5%,217,11.6%,371,4.8%,11,3.1%,0,0.0%,82,1.8%,43,4.5%,176,4.2%,42,13.5%,0,0.0%,"1,181",6.1%,11,9.0%,213,5.2%,0,0.0%,94,4.6%,0,0.0%,392,5.4%,"1,788",1.9%,107,3.6%,133,15.2%,160,3.6%,0,0.0%,"1,169",9.9%,0,0.0%,12,2.9%,0,0.0%,349,4.6%,17,3.8%,62,3.0%,118,1.3%,257,4.7%,712,8.6%,11,0.9%,0,0.0%,18,6.3%,"1,094",7.5%,372,2.0%,109,8.6%,34,2.9%,210,2.8%,0,0.0%,29,4.2%,14,17.7%,60,4.3%,619,9.5%,192,5.7%,"12,073",5.4%,"7,951",5.8%,251,1.7%,81,3.9%,23,4.2%,"1,230",7.1%,55,1.0%,439,4.1%,"1,065",13.8%,"1,726",6.9%,621,5.0%,891,2.9%,13,2.9%,115,6.9%,201,9.7%,85,7.4%,71,4.1%,0,,0,0.0%,68,5.3%,318,3.8%,76,5.0%,"1,968",6.6%,0,0.0%,119,11.5%,0,0.0%,151,11.9%,12,0.8%,316,4.4%,208,1.1%,21,4.8%,354,3.2%,194,2.3%,19,9.7%,205,8.9%,0,0.0%,0,0.0%,"56,479",4.9%
Zero or Negative Income,285,1.7%,56,1.4%,0,0.0%,15,1.1%,0,0.0%,154,1.2%,0,0.0%,0,0.0%,58,1.1%,12,7.2%,121,3.9%,0,0.0%,36,0.9%,0,0.0%,95,2.7%,28,4.8%,938,3.6%,0,0.0%,0,0.0%,0,0.0%,0,0.0%,58,1.1%,0,0.0%,0,0.0%,10,0.9%,84,1.3%,0,0.0%,0,0.0%,120,1.5%,16,0.6%,0,0.0%,0,0.0%,0,0.0%,4,1.8%,228,1.2%,0,0.0%,0,0.0%,0,0.0%,0,0.0%,197,2.6%,209,1.5%,0,0.0%,0,0.0%,0,0.0%,47,0.8%,0,0.0%,84,1.7%,18,5.6%,73,1.8%,15,3.8%,0,0.0%,59,2.9%,0,0.0%,103,2.6%,9,0.8%,0,0.0%,18,0.3%,297,1.1%,0,0.0%,0,0.0%,60,0.9%,0,0.0%,286,1.3%,0,0.0%,0,0.0%,0,0.0%,0,0.0%,7,2.1%,0,0.0%,0,0.0%,0,,31,1.2%,0,0.0%,0,0.0%,56,1.8%,8,3.1%,0,0.0%,28,1.0%,71,0.8%,0,0.0%,0,0.0%,85,4.6%,0,0.0%,20,0.5%,0,0.0%,0,0.0%,24,2.6%,30,0.6%,63,1.3%,8,0.3%,19,1.0%,190,2.5%,0,0.0%,0,0.0%,139,3.1%,0,0.0%,29,0.7%,0,0.0%,0,0.0%,308,1.6%,0,0.0%,57,1.4%,0,0.0%,0,0.0%,31,4.6%,10,0.1%,"1,865",1.9%,54,1.8%,0,0.0%,21,0.5%,0,0.0%,367,3.1%,0,0.0%,0,0.0%,0,0.0%,145,1.9%,0,0.0%,8,0.4%,196,2.1%,102,1.9%,48,0.6%,0,0.0%,0,0.0%,0,0.0%,119,0.8%,175,0.9%,0,0.0%,0,0.0%,132,1.7%,0,0.0%,28,4.0%,0,0.0%,29,2.1%,75,1.2%,52,1.6%,"4,549",2.0%,"1,715",1.3%,162,1.1%,26,1.3%,0,0.0%,179,1.0%,7,0.1%,211,2.0%,48,0.6%,164,0.7%,440,3.6%,148,0.5%,10,2.2%,28,1.7%,48,2.3%,0,0.0%,21,1.2%,0,,0,0.0%,0,0.0%,149,1.8%,8,0.5%,269,0.9%,0,0.0%,19,1.8%,40,6.4%,15,1.2%,16,1.1%,121,1.7%,210,1.1%,0,0.0%,146,1.3%,18,0.2%,7,3.6%,0,0.0%,5,2.4%,0,0.0%,"17,202",1.5%
No Cash Rent,581,3.6%,116,2.9%,47,4.5%,37,2.8%,7,2.2%,309,2.3%,0,0.0%,0,0.0%,127,2.4%,36,21.7%,132,4.3%,14,34.2%,93,2.3%,3,1.7%,142,4.0%,37,6.3%,638,2.4%,27,9.3%,0,0.0%,27,12.5%,49,10.1%,73,1.4%,0,0.0%,87,39.6%,40,3.8%,228,3.5%,18,8.3%,0,0.0%,120,1.5%,40,1.6%,283,3.9%,26,0.9%,52,12.8%,14,6.3%,469,2.5%,0,0.0%,25,2.1%,9,0.7%,60,8.2%,151,2.0%,454,3.3%,0,0.0%,12,4.9%,0,0.0%,100,1.6%,65,22.3%,46,0.9%,0,0.0%,135,3.4%,43,10.8%,0,0.0%,69,3.4%,14,8.6%,81,2.0%,42,3.9%,7,2.4%,108,2.0%,580,2.1%,7,4.8%,10,13.3%,144,2.2%,14,1.0%,574,2.5%,30,1.8%,20,8.9%,78,26.4%,23,4.0%,11,3.4%,20,3.2%,5,4.6%,0,,47,1.8%,0,0.0%,75,5.4%,99,3.2%,21,8.2%,0,0.0%,79,2.8%,435,4.7%,0,0.0%,0,0.0%,150,8.2%,26,8.6%,99,2.4%,6,11.3%,14,3.6%,19,2.1%,154,3.1%,202,4.1%,145,4.7%,50,2.7%,174,2.3%,41,11.4%,0,0.0%,128,2.9%,52,5.4%,179,4.3%,0,0.0%,23,5.0%,381,2.0%,9,7.4%,63,1.6%,14,29.2%,0,0.0%,21,3.1%,249,3.4%,"2,032",2.1%,136,4.6%,82,9.4%,192,4.3%,0,0.0%,302,2.6%,0,0.0%,26,6.3%,0,0.0%,312,4.1%,52,11.6%,94,4.6%,206,2.2%,86,1.6%,165,2.0%,39,3.1%,0,0.0%,17,5.9%,310,2.1%,821,4.4%,22,1.7%,94,8.1%,143,1.9%,12,3.0%,0,0.0%,0,0.0%,27,1.9%,190,2.9%,117,3.5%,"5,507",2.4%,"3,034",2.2%,489,3.3%,121,5.8%,32,5.8%,190,1.1%,105,1.9%,358,3.3%,75,1.0%,382,1.5%,349,2.8%,809,2.6%,0,0.0%,139,8.4%,15,0.7%,49,4.3%,74,4.3%,0,,0,0.0%,103,8.0%,257,3.1%,45,3.0%,708,2.4%,8,8.1%,52,5.0%,0,0.0%,76,6.0%,0,0.0%,270,3.8%,364,1.9%,26,5.9%,217,1.9%,172,2.0%,22,11.2%,126,5.5%,47,22.5%,0,0.0%,"29,462",2.6%
,,,,,,,,,,,,,,,,,,,,,,,,,,,,,,,,,,,,,,,,,,,,,,,,,,,,,,,,,,,,,,,,,,,,,,,,,,,,,,,,,,,,,,,,,,,,,,,,,,,,,,,,,,,,,,,,,,,,,,,,,,,,,,,,,,,,,,,,,,,,,,,,,,,,,,,,,,,,,,,,,,,,,,,,,,,,,,,,,,,,,,,,,,,,,,,,,,,,,,,,,,,,,,,,,,,,,,,,,,,,,,,,,,,,,,,,,,,,,,,,,,,,,,,,,,,,,,,,,,,,,,,,,,,,,,,,,,,,,,,,,,,,,,,,,,,,,,,,,,,,,,,,,,,,,,,,,,,,,,,,,,,,,,,,,,,,,,,,,,,,,,,,,,
SE:T147. Average Commute to Work (in Min),,,,,,,,,,,,,,,,,,,,,,,,,,,,,,,,,,,,,,,,,,,,,,,,,,,,,,,,,,,,,,,,,,,,,,,,,,,,,,,,,,,,,,,,,,,,,,,,,,,,,,,,,,,,,,,,,,,,,,,,,,,,,,,,,,,,,,,,,,,,,,,,,,,,,,,,,,,,,,,,,,,,,,,,,,,,,,,,,,,,,,,,,,,,,,,,,,,,,,,,,,,,,,,,,,,,,,,,,,,,,,,,,,,,,,,,,,,,,,,,,,,,,,,,,,,,,,,,,,,,,,,,,,,,,,,,,,,,,,,,,,,,,,,,,,,,,,,,,,,,,,,,,,,,,,,,,,,,,,,,,,,,,,,,,,,,,,,,,,,,,,,,,,
Average Commute to Work (in Min),32,,32,,30,,33,,25,,45,,30,,28,,33,,25,,35,,30,,29,,41,,33,,35,,28,,38,,35,,33,,37,,43,,31,,34,,23,,29,,25,,44,,25,,26,,33,,30,,38,,27,,33,,35,,33,,29,,35,,27,,30,,26,,30,,39,,37,,30,,24,,33,,33,,41,,32,,35,,31,,30,,32,,36,,30,,33,,22,,21,,33,,30,,32,,41,,27,,28,,24,,36,,30,,47,,30,,31,,44,,23,,30,,33,,36,,21,,31,,,,42,,24,,24,,28,,26,,30,,28,,31,,24,,29,,32,,26,,37,,33,,31,,32,,34,,31,,31,,22,,28,,30,,40,,24,,30,,32,,31,,41,,33,,30,,22,,24,,33,,27,,20,,30,,28,,36,,41,,33,,33,,25,,54,,29,,25,,34,,29,,35,,26,,31,,22,,32,,35,,28,,28,,32,,28,,31,,31,,29,,27,,33,,28,,35,,23,,22,,22,,28,,29,,32,,29,,25,,21,,36,,23,,27,,29,,24,,34,,33,,32,,32,,23,,33,,34,,31,,33,,23,,27,,25,,27,,40,,* 30,
,,,,,,,,,,,,,,,,,,,,,,,,,,,,,,,,,,,,,,,,,,,,,,,,,,,,,,,,,,,,,,,,,,,,,,,,,,,,,,,,,,,,,,,,,,,,,,,,,,,,,,,,,,,,,,,,,,,,,,,,,,,,,,,,,,,,,,,,,,,,,,,,,,,,,,,,,,,,,,,,,,,,,,,,,,,,,,,,,,,,,,,,,,,,,,,,,,,,,,,,,,,,,,,,,,,,,,,,,,,,,,,,,,,,,,,,,,,,,,,,,,,,,,,,,,,,,,,,,,,,,,,,,,,,,,,,,,,,,,,,,,,,,,,,,,,,,,,,,,,,,,,,,,,,,,,,,,,,,,,,,,,,,,,,,,,,,,,,,,,,,,,,,,
SE:T142. Owner-Occupied Housing Units,,,,,,,,,,,,,,,,,,,,,,,,,,,,,,,,,,,,,,,,,,,,,,,,,,,,,,,,,,,,,,,,,,,,,,,,,,,,,,,,,,,,,,,,,,,,,,,,,,,,,,,,,,,,,,,,,,,,,,,,,,,,,,,,,,,,,,,,,,,,,,,,,,,,,,,,,,,,,,,,,,,,,,,,,,,,,,,,,,,,,,,,,,,,,,,,,,,,,,,,,,,,,,,,,,,,,,,,,,,,,,,,,,,,,,,,,,,,,,,,,,,,,,,,,,,,,,,,,,,,,,,,,,,,,,,,,,,,,,,,,,,,,,,,,,,,,,,,,,,,,,,,,,,,,,,,,,,,,,,,,,,,,,,,,,,,,,,,,,,,,,,,,,
Owner-Occupied Housing Units,"14,345",,"3,434",,"1,759",,"4,344",,635,,"20,644",,"1,754",,663,,"2,382",,"2,165",,"3,633",,558,,"6,120",,740,,"7,452",,"1,920",,"19,556",,"3,253",,461,,919,,"1,474",,"12,913",,"1,318",,700,,874,,"5,679",,882,,879,,"7,876",,"1,983",,"15,279",,"1,563",,"3,738",,263,,"26,586",,723,,"2,617",,"1,682",,700,,"12,914",,"17,638",,82,,"1,027",,330,,"11,904",,"1,861",,"2,465",,"1,095",,"5,961",,"1,097",,"1,750",,"2,814",,"1,462",,"2,290",,"2,214",,"1,150",,"7,446",,"44,986",,201,,139,,"8,845",,"3,521",,"23,798",,"6,430",,"1,270",,"3,410",,"1,185",,"2,004",,"2,031",,391,,500,,"6,870",,186,,"2,264",,"2,822",,808,,782,,"3,693",,"21,512",,17,,358,,"9,058",,"2,795",,"7,944",,"1,086",,"1,991",,351,,"9,762",,"6,843",,"4,978",,"4,145",,"13,759",,489,,958,,"6,020",,"4,644",,"9,731",,882,,544,,"13,399",,191,,"9,455",,235,,"2,220",,391,,"14,461",,"62,943",,"8,504",,"6,008",,"9,462",,70,,"14,575",,415,,719,,119,,"14,457",,"3,477",,"4,738",,"11,480",,"8,218",,"18,906",,"1,380",,44,,"1,535",,"14,941",,"18,382",,"2,990",,"2,020",,"8,306",,416,,"1,001",,690,,"3,860",,"8,323",,"8,043",,"131,331",,"181,122",,"17,209",,"5,420",,"1,416",,"20,404",,"3,432",,"12,127",,"17,312",,"18,941",,"9,684",,"33,667",,"1,261",,"9,070",,"1,997",,"3,042",,"1,716",,346,,787,,"2,653",,"12,657",,"1,006",,"25,756",,275,,"3,316",,"1,046",,"2,566",,912,,"13,490",,"22,808",,903,,"19,624",,"5,562",,"1,042",,"6,966",,"1,708",,293,,"1,353,210",
,,,,,,,,,,,,,,,,,,,,,,,,,,,,,,,,,,,,,,,,,,,,,,,,,,,,,,,,,,,,,,,,,,,,,,,,,,,,,,,,,,,,,,,,,,,,,,,,,,,,,,,,,,,,,,,,,,,,,,,,,,,,,,,,,,,,,,,,,,,,,,,,,,,,,,,,,,,,,,,,,,,,,,,,,,,,,,,,,,,,,,,,,,,,,,,,,,,,,,,,,,,,,,,,,,,,,,,,,,,,,,,,,,,,,,,,,,,,,,,,,,,,,,,,,,,,,,,,,,,,,,,,,,,,,,,,,,,,,,,,,,,,,,,,,,,,,,,,,,,,,,,,,,,,,,,,,,,,,,,,,,,,,,,,,,,,,,,,,,,,,,,,,,
,,,,,,,,,,,,,,,,,,,,,,,,,,,,,,,,,,,,,,,,,,,,,,,,,,,,,,,,,,,,,,,,,,,,,,,,,,,,,,,,,,,,,,,,,,,,,,,,,,,,,,,,,,,,,,,,,,,,,,,,,,,,,,,,,,,,,,,,,,,,,,,,,,,,,,,,,,,,,,,,,,,,,,,,,,,,,,,,,,,,,,,,,,,,,,,,,,,,,,,,,,,,,,,,,,,,,,,,,,,,,,,,,,,,,,,,,,,,,,,,,,,,,,,,,,,,,,,,,,,,,,,,,,,,,,,,,,,,,,,,,,,,,,,,,,,,,,,,,,,,,,,,,,,,,,,,,,,,,,,,,,,,,,,,,,,,,,,,,,,,,,,,,,
,,,,,,,,,,,,,,,,,,,,,,,,,,,,,,,,,,,,,,,,,,,,,,,,,,,,,,,,,,,,,,,,,,,,,,,,,,,,,,,,,,,,,,,,,,,,,,,,,,,,,,,,,,,,,,,,,,,,,,,,,,,,,,,,,,,,,,,,,,,,,,,,,,,,,,,,,,,,,,,,,,,,,,,,,,,,,,,,,,,,,,,,,,,,,,,,,,,,,,,,,,,,,,,,,,,,,,,,,,,,,,,,,,,,,,,,,,,,,,,,,,,,,,,,,,,,,,,,,,,,,,,,,,,,,,,,,,,,,,,,,,,,,,,,,,,,,,,,,,,,,,,,,,,,,,,,,,,,,,,,,,,,,,,,,,,,,,,,,,,,,,,,,,
,,,,,,,,,,,,,,,,,,,,,,,,,,,,,,,,,,,,,,,,,,,,,,,,,,,,,,,,,,,,,,,,,,,,,,,,,,,,,,,,,,,,,,,,,,,,,,,,,,,,,,,,,,,,,,,,,,,,,,,,,,,,,,,,,,,,,,,,,,,,,,,,,,,,,,,,,,,,,,,,,,,,,,,,,,,,,,,,,,,,,,,,,,,,,,,,,,,,,,,,,,,,,,,,,,,,,,,,,,,,,,,,,,,,,,,,,,,,,,,,,,,,,,,,,,,,,,,,,,,,,,,,,,,,,,,,,,,,,,,,,,,,,,,,,,,,,,,,,,,,,,,,,,,,,,,,,,,,,,,,,,,,,,,,,,,,,,,,,,,,,,,,,,
,,,,,,,,,,,,,,,,,,,,,,,,,,,,,,,,,,,,,,,,,,,,,,,,,,,,,,,,,,,,,,,,,,,,,,,,,,,,,,,,,,,,,,,,,,,,,,,,,,,,,,,,,,,,,,,,,,,,,,,,,,,,,,,,,,,,,,,,,,,,,,,,,,,,,,,,,,,,,,,,,,,,,,,,,,,,,,,,,,,,,,,,,,,,,,,,,,,,,,,,,,,,,,,,,,,,,,,,,,,,,,,,,,,,,,,,,,,,,,,,,,,,,,,,,,,,,,,,,,,,,,,,,,,,,,,,,,,,,,,,,,,,,,,,,,,,,,,,,,,,,,,,,,,,,,,,,,,,,,,,,,,,,,,,,,,,,,,,,,,,,,,,,,
Note:,,,,,,,,,,,,,,,,,,,,,,,,,,,,,,,,,,,,,,,,,,,,,,,,,,,,,,,,,,,,,,,,,,,,,,,,,,,,,,,,,,,,,,,,,,,,,,,,,,,,,,,,,,,,,,,,,,,,,,,,,,,,,,,,,,,,,,,,,,,,,,,,,,,,,,,,,,,,,,,,,,,,,,,,,,,,,,,,,,,,,,,,,,,,,,,,,,,,,,,,,,,,,,,,,,,,,,,,,,,,,,,,,,,,,,,,,,,,,,,,,,,,,,,,,,,,,,,,,,,,,,,,,,,,,,,,,,,,,,,,,,,,,,,,,,,,,,,,,,,,,,,,,,,,,,,,,,,,,,,,,,,,,,,,,,,,,,,,,,,,,,,,,,
"For data sources, citations and notes please take a look at sheet in this workbook titled 'Sources & Notes.'",,,,,,,,,,,,,,,,,,,,,,,,,,,,,,,,,,,,,,,,,,,,,,,,,,,,,,,,,,,,,,,,,,,,,,,,,,,,,,,,,,,,,,,,,,,,,,,,,,,,,,,,,,,,,,,,,,,,,,,,,,,,,,,,,,,,,,,,,,,,,,,,,,,,,,,,,,,,,,,,,,,,,,,,,,,,,,,,,,,,,,,,,,,,,,,,,,,,,,,,,,,,,,,,,,,,,,,,,,,,,,,,,,,,,,,,,,,,,,,,,,,,,,,,,,,,,,,,,,,,,,,,,,,,,,,,,,,,,,,,,,,,,,,,,,,,,,,,,,,,,,,,,,,,,,,,,,,,,,,,,,,,,,,,,,,,,,,,,,,,,,,,,,
© Social Explorer 2005-2018,,,,,,,,,,,,,,,,,,,,,,,,,,,,,,,,,,,,,,,,,,,,,,,,,,,,,,,,,,,,,,,,,,,,,,,,,,,,,,,,,,,,,,,,,,,,,,,,,,,,,,,,,,,,,,,,,,,,,,,,,,,,,,,,,,,,,,,,,,,,,,,,,,,,,,,,,,,,,,,,,,,,,,,,,,,,,,,,,,,,,,,,,,,,,,,,,,,,,,,,,,,,,,,,,,,,,,,,,,,,,,,,,,,,,,,,,,,,,,,,,,,,,,,,,,,,,,,,,,,,,,,,,,,,,,,,,,,,,,,,,,,,,,,,,,,,,,,,,,,,,,,,,,,,,,,,,,,,,,,,,,,,,,,,,,,,,,,,,,,,,,,,,,